如芒刺背，如鲠在喉，如坐针毡！绝对是春节档最拉垮的一部电影，虽然其它的几部我还没来得及看！,1stars
大家对女性导演真的充满了恶意，减肥这个事情阿米尔汗没有宣传过没有上过热搜吗？独独对贾玲这么刻薄。真可悲。,5stars
看完想大喊：姐！,5stars
很好看！“热辣滚烫有个点，女角色都有缺陷，张小斐婚內出轨，李雪勤做小三。但是都轻飘飘过去了，这是过去男人电影里男人才有的待遇。”,5stars
电影四星，比李焕英的煽情和共情还是差一些。肯为了梦想，雪藏一年，推掉自己几乎所有的商约，本就是一部励志电影，为什么阿米尔汗可以这么宣传，贾玲就不可以？手动加上一星，为了那些无脑黑。,5stars
本片最大的成功是女主练了拳击后没有跟她的搭子在一起。,4stars
一个女孩在关系里受尽屈辱历尽心死后，选择以训练自己身体的方式，独自前行，只拥抱了自己的对手。这是被利用被背叛被掠夺的一个普通女人的孤独处境。拥抱的对手是她自己选的，不爱她但尊重她，和她公平较量，技高一筹就把她往死里打的一个人。我们千山万水要的就是这一点公道。我要的，我来选，这就是赢。,5stars
拳赛之前的长镜头很燃，一镜到底展现乐莹面对生活重塑的斗志，犹如独行的猛兽，相击的拳套击碎了过去的一切。,5stars
看点真的只有贾玲减肥,3stars
她拍这部片子的目的根本不是说她瘦了这个事，是告诉你，无论你这个人活的有多烂、多失败、多差劲，只要你找到一件事，哪怕只是很小的一件事，一直做、专注做、拼了命地做下去，你会赢的，哪怕就一次。,4stars
看的我热血沸腾，最大的感触是乐莹最后终于学会了拒绝，可能只有讨好型人格能懂，乐莹说出那句“我不喜欢吃牛蛙”是多大的勇敢,4stars
心疼贾玲，太强了。最有意思的是，影院一个男的看完出来说，“这种我一个月就练出来了”。太经典了，典中点。,4stars
虽然是改编，结局比日本原版的好太多了。原版女主还原谅了渣男，我无法理解。贾玲这版女主选择了自己走花路，因为她打拳是开启了新人生。,5stars
从去年就开始买各种自媒体说贾玲减肥的消息宣传，真是恶心死了。你为了电影减肥增肥不是太正常了？这不是你的工作吗？至于这么宣传么？？？,1stars
支持女的上桌，大上特上，大赚特赚，气死破防的人,4stars
要细究质量的话当然有很多问题，但是我喜欢贾玲。我喜欢看贾玲减肥，我喜欢看贾玲练拳击，我也喜欢结局：不要男人，也没有赢得什么，只是自己开心就好。,4stars
客观来说没有那么好，但是我永远为这样的故事落泪，永远为这样的真诚感动。作为一个女性喜剧演员，她不再扮丑不再成为客体化，戏里是自己爬起来说好疼，戏外是找回自己的主体权，角色和自我融为一体的重生，这是多么强烈的生命力啊。敬，我们三年两部如此量级作品的女性创作者。我单纯喜欢看女的打拳。,4stars
一想到这电影能让这么多小v子破防打一星就想乐，此电影的高度彻底被拔高✌️,5stars
无语死了，上午第一场还没放完就有无数锁主页的人给热辣刷一星。各种人身攻击说贾玲飞珠的，说减了肥皮都松了的，还有一堆一边给热辣一星一边给另一部五星的，也不知道怎么做到一个小时看两部的，不会真觉得这会儿压别人一头就稳了吧。真的太臭了，臭不可闻。,4stars
男的啊，你们真的是生怕女人变强；女人们，为它们的无知、愚昧、自卑，干杯🍻,5stars
一个比99％都有钱的人，富态胖再怎么减，也没法还原丧人生的感觉，偏偏她还想试图感动我们，再赚一波？（按这票房，以后都翻拍吧，这多舒服啊）,2stars
1.不知道为什么要这么表演，丧不是有气无力也不是虚弱。2.女性学员看拳击比赛也不都是看教练乏善可陈的肌肉。3.内核的自我实现还是为了打别人脸也太陈腐…,2stars
黏腻恶俗，《百元之恋》的丧燃绝计拍不出来，只是又一碗符合春节档调性的汉化励志鸡汤小品，荧幕跨界首秀便被抬到不属于她的高度，顶着全球票房最高女导演光环，贾玲的第二部作品露怯是必然的，《李焕英》的亲情牌好歹戳中了多数国人的内心软肋，这次拿减肥一百斤当卖点铺天盖地营销博取流量只会招致反感，也恰巧是片方不自信的表现，上映前广而告之却遮遮掩掩宣而不发，观众花钱买票的初衷不是冲着电影本身质量，而只是为了满足事先被吊起的好奇心想要一睹瘦身后的庐山真面目，不得不说是整个市场环境的悲哀，比起笨拙真诚的业余创作者，精明鸡贼的投机商人更适合贾玲。,2stars
"“在一切结束之后，乐莹没有迎接父母妹妹，没有拥抱闺蜜，也没有和男人和好，亲缘友缘性缘前尘皆散，尽数被抛诸脑后，她独自一个人在黑夜里向前奔跑。

一个强大自由的女人就这样诞生了。”",5stars
丑化除主角外的所有女角色、甚至连一个健身房的女路人都不放过，还讲什么女性力？可惜现实只有在吃不干净的烧烤店月薪两千五房租八百何谈三百块一节的私教课。还不如专注拍《贾玲传》，展现一下资产阶级的全方位减肥法。,1stars
粗制滥造，营销话题，男女对立，拿下这么高票房简直是中国影史的耻辱,1stars
减肥的过程我看到了，但是我没看到电影。,2stars
真的烂，只能靠营销推起来的电影，获得高票房，华语电影之所以越来越烂就是因为有这种电影存在，他们可以对电影什么都不会，而只靠营销就能有有高票房，大家相继效仿。现在营销评分是8分，难以想象后面真实的评分会有多低，明年还会不会有人为贾玲的这种套路买单,1stars
这也能有7.9的评分，在座各位都有责任。,2stars
起大早去看的，只能说减重100斤是这部电影最不值一提的东西,5stars
花钱去电影院看贾玲送自己一朵小红花…,2stars
结局没有获胜和拒绝雷佳音是我最喜欢的部分,5stars
真的好奇怪为什么评论区永远有些冲不掉的屎渣见不得人的好,5stars
贾玲可能不懂电影，但绝对懂中国市场,1stars
虽然前三分之二的本土化难看得一塌糊涂，但是不得不承认它有一个比原版更进步的结尾；虽然贾玲是不是个好导演真的很值得商榷，并且用几十个亿的生意来让观众看你自己自我实现这种行为也值得细想，但不得不承认作为演员的贾玲还是很有魅力。虽然说了这么多，还是打两星。,2stars
平时看电影最容易走神的桥段就是小人物逆袭蒙太奇，无论是埋头狂刷试卷考清北还是丑鬼减肥造型大翻身变美人，横竖都是假的，加了科技的，全靠观众自我说服“我就当ta成功了吧”。所以看到贾玲用这么笨的办法，这么大的代价拍了商业片里最烂俗的五分钟我真的，心跳加速，她虽然不是专业电影人出身，但颇有电影发展早期那种硬桥硬马搏命一拼只为圆梦的癫狂精神，就冲这五分钟可以原谅整个电影的种种不完美,4stars
成功的明星电影而非电影，从热搜词条上也可见一斑。总的来说是贾玲个人魅力大于剧作本身。前半段讲女主受到现实打击的时候充满各种经典性别刻板印象的小品，不懂为什么要刻画一堆女学员围着男教练尖叫，不懂为什么要搞什么姐妹阋墙，明明有更妥当的叙述方式但好像编剧习以为常用最偷懒的笑料作为剧情推动，我作为观众感到非常不适。但不可以否认的是看到后半段贾玲脱胎换骨动作敏捷出现在格斗场的时候，还是非常感动，结尾也没有狗血地走向瘦身成功就谈恋爱，而是和曾经的心上人之间来了个人生境遇的对换和比较，然后沉浸在自己的世界，在黑夜中一拳一步地走向未来。万幸万幸，女性个人奋斗的主题还是立住了。,3stars
龙年的第一部电影，也是第一次这么早看电影，9点场，只有减过肥的人知道她有多励志多努力，很喜欢结尾的安排，只要想开始一切都来得及，战胜自己就是赢！,5stars
这么烂的片子竟然还容不得一点批评，我只能说咱们的电影艺术真的完蛋了,1stars
你能拍个什么电影？你拍出来的能叫电影吗？真的，作为谐星，我从来没有觉得你好笑过。当然在污浊的中国娱乐市场你这种人去拍电影捞钱再正常不过了。李焕英就已经够拉垮拉低中国电影市场的标准了。这次又来个更狠的！你真特么恶心，丢人,1stars
很奇妙的效果。贾玲导演的眼睛似乎能看穿演员表演形象中不肯轻易袒露的真实人格，并在极度戏剧化的情境中转化作最朴素日常的一瞬。情节的减法做得极好，凸显了扑面而来的影像能量。男主角的半路退出让整部影片走入了截然不同的轨道，作为演员的贾玲对抗的不是体重，而是孤独。都说瘦下来的她变了，其实她丝毫未变，只是我们看她的眼光变了。与《喜剧之王》相似的情感内核，极度真诚，但从不自诩真诚。,4stars
我现在在影院，看到了 1 小时 20 分钟，我如坐针毡、如芒刺背、如鲠在喉……尴尬低级的笑点、唯唯诺诺的表演（不是原作精髓丧）、拖拖拉拉的节奏、生硬突兀的转折……也许后面转折时候还挺燃挺励志，但剧作水平是真的最多 3 星，评分过誉了！！！垃圾市场培养垃圾烂片！！！,2stars
人确实是狠人，片子确实是烂片。,2stars
我们需要女导演，需要电影里，女拳手比赛时，不怼着女人大腿拍、不从腿到下体到腰到胸拍到脸的女导演。看到贾玲走向拳击赛场和过去的自己相视而笑，上衣写着That's lihuanying's daughter就流泪了。 永远被她爱妈妈想念妈妈纪念妈妈的心思感动。全片贾玲唯一主动拥抱的人，是那个把她打到牙花眼眶流血的拳击手，那是让她咬牙挨打但也尊重她的对手。 最后，我想朝每一个说贾玲瘦了没以前可爱的人吐一口唾沫。,5stars
一个胖子减肥纪录片捞个几十亿是有多少人要被感动哭？另外我没看过，但是你买的营销让我感觉我已经看完了，所以我觉得我是有资格来打分的,1stars
剧情基本靠抄，矛盾基本靠编，感情基本靠煽，演技基本靠瘫，身价几十亿的贾玲对下层阶级的状态充满了自以为是的臆想。从镜头到配乐到彩蛋，与其说是电影，不如说是一场彻彻底底的减肥综艺真人秀。台上都是主义，台下全是生意，喜欢的观众收获了感动，励志的贾玲收获了金钱，至于月入二千五的服务员们，至于生活在真正生活里而不是电影作秀里的诸多女性们，她们的困境与梦想，一场电影过后，谁真的在乎呢。,2stars
《李焕英》破了30亿，答应观众要减肥。可是减肥很痛苦的，不能白减！减肥又费时间，这样就会少上几个综艺赚钱！那就一边减肥一边拍电影一边赚观众的钱吧！拍什么好呢~日本这部电影，刚好可以翻拍！不错。换个概念讲，就是给我40亿~20亿人民币吧，并且教练、营养师等团队都配齐，在一年时间里不用工作上班，只需减肥100斤！我绝对相信我也可以~~说实话，我不讨厌贾玲，只厌烦电影的营销方式。。。说回电影本身，这个剧情在我看来真的很一般，尽管贾玲表现的能吃能睡还懒，讲话无力不自信，但依旧给我一种活的很“饱满”的感觉。还有最后比赛，一直在挨打，最后来个必杀左拳。都报名拳击比赛了，你实战不练啊，只练动作与瘦身。不愧是懂煽情的“喜“剧人。相比起来，张家辉的《激战》优秀多了。剧情60分，另外加15分送给真的瘦了的贾玲。,3stars
贾玲赢了，但乐莹没有赢。花一年专心做一件让自己变好的事情，虽然很燃，但本身就很奢侈。贾玲有这个条件，乐莹没有，大多数我们也没有。,3stars
这电影幕后纪录片要比电影本身更有观赏价值。一个女人的野望比一个废物的觉醒更有意思。比较日本拳击题材电影，运动除了是改变自己、迎接挑战、为了赢一次这种口号外，他们还发现运动其实是用来逃避、遗忘、不面对人生困境的一种选择，运动把人纳入机械化的轨道，你不必多想，每次付出总有盈余，总归不会辜负自己。运动是安全屋，用来藏的。至于每个人不敢面对的核心困境是何物，就是一个好电影的二番了。很多中国电影都属于一番电影，人物的轨迹都是被策划好的，一点嚼头都没有，当一个所谓的目的达成，这个人物也就可以去死了。,2stars
很多人说先不谈电影本身，电影不谈本身的话，谈什么？真够可笑的……,2stars
减肥励志片儿啊我的妈，比贾玲瘦了更让人惊叹的，是她甚至还练了一身腱子肉，牛哇牛哇,4stars
电影里有很多肉麻的东西，很多过犹不及的煽情。剧作全是直给，小品式的桥段和转折。但就是贾玲的电影贵在情绪都特别满并且情绪很真诚。个人觉得她和吴京都算作者型导演。他们拍的东西再肉麻，但他们自己认。,4stars
这片子能7.9 在座的各位都有责任,1stars
建议看原版，省钱省心省事。,1stars
改的都是什么啊 闺蜜劈腿男友 妹妹出轨生了个孩子 所以被赶回家 回来就要房子 男女主相遇 是看见男的随地大小便 然后不会关车灯  这时候不骂屎尿屁烂梗了？你要不要看看自己在改编点什么？还有雷佳音喝醉酒半推半就那一段 充斥着贾玲的容貌焦虑和身材焦虑 好像被睡了还占了便宜似的 过度乱煽情 以及贾玲小学生一样的导演技法 电影院里的两小时真的很折磨,2stars
做电影真不容易，刚看完片子，一堆人这么努力，花这么长时间拍了一个这么燃这么难的片子，从摄影到细节都特别棒。结果过来看看豆瓣的戾气，真的恶心，很多人在这里藏在文字背后散播这自己的恶，见不得别人好，见不得别人比你努力，这个豆瓣的平台，没有鼓励，这才是电影人的悲哀。,5stars
很纠结打了3颗星，如果单纯给贾玲，我愿意给5颗星，因为我知道瘦100斤意味着什么，尽管她说这不是一部减肥的电影，但不得不说，人们看到的最大亮点还是她的瘦身成功，她的毅力和努力值得5颗星甚至更多。但单纯从电影的角度来说，不好意思，我真的没办法全然喜欢。从头到尾，我开心的笑了一次，在雷佳音尿尿那个场面，然后我有一次比较动容想哭，就是看到贾玲努力运动的那些画面。这是电影当中相对比较触及我情绪的两个地方，其他的，说实话从开头到结尾，就比较寡淡，我也不喜欢贾玲在电影中的人设，说她烂好人也罢，说她自暴自弃也行，总之她的这个人设转变的太突兀了，人物发展和改变的理由不够充分也不合理，情节设定上来说有点俗套。她想表达每个人都应该爱自己，都要为了自己努力一次，而实际上她只是被逼迫着要证明自己，全程表演的太丧了。,3stars
电影，请用电影的方式去赢；演员，也请用演技去赢。如果不是，那等于从来都没有赢。,3stars
改编很好。大过年的，一不想看女主被强奸，二不想看女主和挫男复合。,5stars
"我去，真没想到贾玲成假玲了，如假包换，真诚是真诚，但挺割裂“吓人”的。
（1月4日 210斤-11月24日 117斤）

没想到终于碰上了一次“货物对版”的院线电影，《热辣滚烫》宣发和电影几近一致了，不过也没想到这辈子减重也可以成为宣发卖点挣到钱。如此推断那张小斐增重至200斤岂不是也会票房大爆。

贾玲利用自己的社会形象作为影片卖点和视觉焦点，除了“为了赢一次”的核心命题，更是见证华语电影票房最高的女导演自己的“逆袭”“减重”之旅。

很好奇下片后贾玲和宣发会不会提“改编”《百元之恋》的事儿，为什么带引号呢……几乎60%都可以用翻拍来形容。小到人物设定，大到情节拐点，几乎一模一样。强烈建议影迷朋友们顺带一看《百元之恋》，在经典原作与本土改编的互文中看《热辣滚烫》会更有趣味。",3stars
2024最佳营销鬼才👍,1stars
贾玲是当年包贝尔那场婚礼上唯一一个救下柳岩的人。我只想说 女性永远处于弱势 我将无条件偏爱女导演。,5stars
你减肥不能找我们要钱啊…,2stars
不是为了变瘦，不是为了变美，而是为了变强,5stars
除了贾玲真减了100斤令人惊叹，其他都挺无聊的,3stars
3.9星。出色的春节档合家欢。1.本土化得合理且成功，镜头精致节奏顺畅笑泪交加，得益于东北演员班底的接地气演出。2.贾玲雷佳音有神奇的cp感，很多人忘了当年雷佳音是以性格帅气小生姿态出道的。3.电影最后的闪回段落颇有《李焕英》最后“可我妈现在还不会缝啊”的力道，让本片高度再提一档。4.佩服贾玲，能瘦一百斤何尝不能展现演员的努力和诚意，有这种毅力的人拍电影怎么可能难看？冷嘲热讽拉踩的人滚。5.每首歌都好好听，周深那首，还能听到《不落的太阳》中文版。6.人这辈子只活一次，能做自己是很幸福的一件事。,4stars
自尊心的玻璃被击碎了，创可贴就能贴好。爱情的小腿肚被撞疼了，打梨球也能治愈。想在生活里和解，想在爱情里转正，想在拳台赢一次。以为足够钝感，从楼上摔下来竟然不疼。落在脸上的拳头不疼，刺进心里的拳头才伤。为什么要一直打呢，因为遍体鳞伤时你看到我毫发无损，当我浑身是血时却已经长出盔甲。,暂无评价
把一个普通废柴想努力一次的故事，改成了一个（家里蹲十年但本质是个）大善人被身边几乎所有人插刀自杀失败开始打拳的故事。贾玲减肥很成功，练得也真的很好。但这些都是电影本身以外的东西，告诫自己，做内容最忌讳自我感动。,2stars
失败的电影，成功的贾玲,3stars
被感动到！我认为贾玲的电影是向内的，个人的，对她自己来说更重要。前一部是疗愈自己的家庭关系，这一部是针对自己的身体。电影反而是个借口了：我借电影这个疗愈的媒介去面对和解决自己。这一点是让人触动的。凡是尝试改造身体和告别过去的都知道这其中的艰难。,4stars
拒绝雷佳音的一刻我决定打十分,5stars
电影拍得很好，但就是完全共情不了。一个做烧烤店服务员的，怎么就突然付的起一节300多的私教课，还有那么多时间打拳了，平时得熬夜，白天都不够睡，时间和钱，多得明明都像富二代了,3stars
三流的影片，顶级的营销。笑点滥俗，泪点全无，通篇都是贾玲的自娱自乐自我陶醉自我感动。一人减肥，亿人买单，就把观众骗进影院这一点而言，这部影片是开创性的。,1stars
本想看看这片为啥能让这么多男的破防，结果前半部分看得非常不适，各种庸俗性别刻板印象传统恶毒女配全都齐活了，开场就是闺蜜抢男友白烂桥段、姐妹撕破脸揭发出轨孩子非婚生、健身房一堆女性围着教练尖叫扭捏、表妹为事业设套恶意利用……熬到后半段打拳，突然好看起来（怪不得真·打拳健身的女性朋友都跟我说好）。毕竟减掉100斤挥拳飒起来一镜到底就是热血啊，虽然分镜太多照搬原版对看过的观众来说削弱了惊喜，但和现实交织在一起简直是大型励志纪录片（原版并没有减100斤这么抓马，不过练过的人看一眼动作就知道含金量），属于用生命创作了，花絮和结尾电影院已经亮灯但没有一个观众走掉，甚至感觉比正片好看，衬得电影前半段简直和赘婿小视频差不多（当初对我爱理不理现在你们高攀不起）。大过年的，让贾玲来当回龙傲天又有何不可呢，她值！,3stars
在踩女性导演女性主题的时候男的永远这么团结 虎扑打1分给全男性电影打9.7什么精虫思想我不说 怎么了是因为电影主角打拳不是因为男的 是电影里的男的超级废物让你们破防了么,5stars
"远远超出预期，国内男导演都该学学怎么把女角色拍成个人。结尾乐莹一个人往前跑时，我觉得超越了日版，不需要男人，不需要被别人爱，她爱自己，她很自由。
另，贾玲减肥100斤的噱头吸引了很多妈妈爸爸辈的人想看这部电影，我觉得特别好，好片子需要有效的商业营销。",5stars
贾玲难得的在于她证明这些事可以做到：一年可以减一百斤、真心可以打动观众、中国第一女导演有人能做。陈思诚能赚的钱女的一样能赚，更何况，她真诚,4stars
"为女性视角投票
 “当他们还在讨论胖瘦讨喜，她的灵魂已经翻山越岭”",5stars
天知道里面多少细节是女生才能get到的，那看心情才给的苹果，那句改天吧…男导演镜头里的逆袭也许是把对手摁在地上摩擦叫爸爸，但是女导演镜头里的逆袭可以是输掉一场比赛温柔地婉拒渣男，再温柔地告诉你倒下的我都经历了什么不足为道的委屈。贾玲真的真的好可爱啊！唉…希望新的一年，我们都学会更爱自己,5stars
其实完全可以做一部叫《贾玲减肥》的纪录片或者综艺，难为你们还买了日本的版权拍了部电影来敷衍观众。,2stars
贾导演打得一手好牌，电影卖座当然好，不卖座，减肥成功也好。,3stars
第一会抄，第二会炒。明年体重反弹了，再拍一部增肥的电影，文案通稿就说“解放女性身材焦虑”，就今年叫好的那波人，明年还卖它。,1stars
前一个小时真的是太过烂俗了，作为经历过这一切的人，并没有太打动我，但是应该会有很多的胖姑娘因这部影片走入健身房/接触拳击运动吧？那就足够了，大部分人是没有勇气杀死曾经的自己的，在陷入“绝境”之后如果没有极强的外力支持（尤其是金钱），大多便就此沉沦了。观影过程中给拳协的学长、18年带我减肥的教练发消息，感谢他们。教练回复说：“被自己感动啦🤭？”，其实心情并没有太大的起伏，当时的一切已经成为人生的可贵回忆，我也迈步向前去了。但李玫瑾教授说的可真对，运动能使人获得对自己身体的掌握，继而一点点获得对生活乃至人生的掌控。,3stars
从今天起，贾玲是我最喜欢的华语女明星。出电影院听到有人说“有什么了不起，如果给我那么多投资那么牛的健身团队还可以挣票房，我也可以” 我想说你不可以，首先你不好笑，其次你不是家喻户晓的人、你没有首部编导主演电影54亿票房的成绩、更没有200公斤的体重，所以你才坐在下面看她的电影…希望每个人都有自己的梦想可以说“我能打完”。真心祝贺并赞美她❤️,5stars
"《芭比》：女性不该被定义，女性有无限可能，她可以选择伟大或普通，她有选择的权利！
《热辣滚烫》：我在家啃老十年，上班第一个月预支好几个月工资，花着老妈辛辛苦苦挣的钱去学拳击，我身边的女性都是小三、花痴、心机婊，就因为最后跟渣男分手了，而且导演是女性，所以，牛逼！女性独立了！天呐，别给女性主义泼脏水了。

一个有极其有热度的题材+勉强及格的作品+最顶级的营销=春节档票房冠军。
资本已经知道公式了，可能我们以后只配看到这种电影了。",3stars
影片里的各种笑点应不暇接，尤其是乐莹那段在家里睡觉，用脚关电视和闭眼换姿势，完全就是我本人。,5stars
我们应当习惯并且欣赏每一位强大的女性,5stars
3.5，观感同《八角笼中》，剧作和审美其实跟佳作差着好几档，纯靠导演的认真扳回一城。几乎无力招架连篇累牍的厌女桥段和恶臭郭楠（我们当然知道导演试图反击这一切，但所有笑料都是建立在自我贬损的基础上），但第三幕忽然重现了李焕英式的绝杀，用真心，下死力。当过往所有的尊严散落一地，沉默的坚持换来的还是被无限痛击，《百元之恋》的身体性被再次唤醒，只有疼痛提醒我们还活着。贾玲足以让春节档其他男导演自惭形秽。,3stars
好矫情的故事，女主角，小康家庭，父母疼爱，名下有套继承姥姥的学区房，在家里躺十年甚至还能继续躺下去，这么胖还有男朋友，有闺蜜，故事中女主所有遭受的挫折在我看来好矫情啊，首先，这个故事就很无聊，在我看来无法成为励志健身打拳的理由。其次，女主全程有气无力的语气颓丧的脸，健身都没带来一点活力，运动可以促进多巴胺的分泌。 多巴胺的分泌可以减轻疼痛感、增强快乐感和幸福感，从而改善身体的整体状态和心理健康。但是女主角你健身，我只看到了身材上的变化，一点没有感受到你的活力和精神气，你对人物的理解就是这个样子？演的好无聊。你说你要打拳，但是训练全程都是跑步打沙袋等练习，我没看到你跟别人实战训练，在拳击场上什么都不懂的样子，你凭什么说想要赢？作为观众根本感受不到，看到一半我朋友就在吐槽故事太矫情！！！,2stars
单纯就电影来说，差不多三星的水平，匠气的剧本，平庸的视听，但抛开这些，确实是被贾玲打动，不是减肥一百斤这种物质层面的奇观，而是贾玲作为一个创作者的真诚。,4stars
能把这部片捧得这么高才是值得我们深思的。,2stars
看完有点失望，理解大家被真诚打动，这个8分得有2分是给100斤的，但电影真的一般,3stars
难看死了 太落后了 都2024年了观念还不更新一下🥹还是以瘦为美的理念 女性刻板印象 宣传这么不正多价值观到底谁在买单…,1stars
我共情了昊坤：没什么能力，以为自己热爱。把热爱挂在嘴上，招不来学生。这就是我啊！,4stars
比起所谓的以减肥为噱头，看过就知道，“瘦”只是其中渺小如尘的微不足道的一小点，我们看到的是一个不知前路、不懂拒绝、没有自我、以他人的需求为自己的需求的女性勇于不再与伤害、利用自己的人纠缠，战胜从前浑浑噩噩的自己，找到自我、取悦自己的故事。最后的部分看得几欲流泪，被乐莹的毅力感动，更为贾玲的坚韧折服。我们或许都该重新检视一下自己的生活。全五星。,5stars
中国电影的耻辱之作已经诞生了，它让中国电影继续沉沦下去。,1stars
你tm用减肥营销就算了，别用女性主义营销ok？不乐意看贾玲电影≠不支持女性导演，你啥时候能代表女性导演了？别拿女性主义绑架观众，否则一律一星😄,1stars
看完电影由衷的感叹一句：真好啊！李焕英你看到乐莹赢了一次了吗,5stars
明明想要看的是一个饱受社会冷眼旁观肥胖者发现自我，寻找自我最终获得自我价值的励志电影，但整部电影过了一个多小时我没有看到女主有任何心理上情感上的变化，反而是一直含情脉脉得盯着男主角看，根本没有一点思想上的改变，然后莫名其妙的成了讽刺恶意剪辑的讽刺电影，好不容易来了组励志镜头，结果没几分钟就瘦成一条闪电，继续无聊注水的剧情。而且，这电影男凝味道十分严重，开头李雪琴那段，把出轨这种不可饶恕的罪恶以喜剧化的效果展现出来是何居心？总之勉强给两星吧，算演员的付出。最后肥胖不是原罪，健康才是追求！,2stars
烂梗老段子大杂烩，性别对就完了，某些人的精神A片,1stars
此刻我们欢聚在这里，是为了庆祝一位优秀的女性导演，她再度战胜了自己，用真诚而振聋发聩的电影，在影坛上挥出最有生命力的一拳！,5stars
本来是想给四星的  但是看到好多恶意差评  决定给五星   只要不瞎 看过就知道这是一部好电影   承认别人优秀这么难么  ,5stars
中国电影的耻辱之作已经诞生了，它让中国电影继续沉沦下去。,1stars
你tm用减肥营销就算了，别用女性主义营销ok？不乐意看贾玲电影≠不支持女性导演，你啥时候能代表女性导演了？别拿女性主义绑架观众，否则一律一星😄,1stars
能把这部片捧得这么高才是值得我们深思的。,2stars
"前八十分钟确实如坐针毡（但我看国内男导的片子只会更难熬），宁愿看贾玲跑步打拳两小时。对贾玲作品的观感一直很矛盾，下沉的营销，投机的创作，经不起女性视角推敲的剧本，所以我尝试用直觉提炼这部电影，就是我看完的那一刻，我想挥拳。好歹我感受到了力量，感受到一个女性看清奉献无用后在变得更强，直到结局也并未因任何人停下脚步。

贾玲的两部作品都太切身了，真诚有余，反倒绑架观众，希望她在执导商业片路上能早日跳出这个圈，这身肌肉应该更容易扛起摄像机了。（热评说男演员增重减重不营销的能别睁眼说瞎话吗，能被举出例子就说明男的营销钱没白花）",3stars
刚看完《飞驰人生》觉得还不错挺燃的，结果再看完《热辣滚烫》顿时对飞驰那套直男逆袭套路好厌烦。这次想把最大的敬意给贾玲。好久没有这么尊敬一位导演了。看贾玲漫长的训练和最后那场拳击赛，几次都觉得在看一个女人浓缩的一生。即使没有团队，没人看好，没有奖杯，她可以一个人拥抱自己走出逆境。贾玲让我惊叹一个女性的内心可以有多么强大。她是一位非常非常优秀的导演。她的真诚和关怀就是她的左拳，那足以对抗所有专业拳手。,5stars
我共情了昊坤：没什么能力，以为自己热爱。把热爱挂在嘴上，招不来学生。这就是我啊！,4stars
如果是男导演瘦了一百斤，男主演打拳击，那些目前破防的人肯定吹上天，说女导演为减肥拍了一部电影的，确实没认真看电影，光看到女导演这三个字都已经口吐白沫了………贾玲不仅超越了之前的自己，也超越了大多数男导演，支持女性导演更支持中国女性导演作品！,5stars
【B-】完全是影后级的表演，与李焕英一样，因角色与演员的大量相合而具有强烈穿透银幕的力量，而得益于扎实的剧作（毕竟原作质量在那）和两位主演的外形气质，能让人强烈地相信电影真的是在讲述普通人的故事，普通人的痛苦，而非伪饰和刻奇。一首发自内心共情和表述的，献给“失败者”的赞歌，我想所有曾经卑微过，委屈过，觉得自己不配得到一些东西而不得不讨好和忍让的人，都能在电影里找到共鸣。它没有多高的艺术高度，只是一部还算不错的商业片，就连那些用心设计的长镜头也和乐莹一样笨拙而努力，但仍让我真实的在影院流泪了，电影四星，但贾玲值得五星。,5stars
首先是想赢，不是想瘦。深刻感到女性的自我救赎应该是一场孤独的奋斗，没有爱人、没有家人也没有朋友，哪怕是同一个家庭的姐妹也不行——她也有自己的泥泞要挣扎。生活可能不会像电影那样设置极端，但其中的道理总是没变的，我们会遇到很多很多痛苦，别指望去依靠谁，训练自己的力量，靠自己，赢一次，或者向前奔跑,4stars
"这部电影我能挑出它一百个缺点：不合时宜的配乐；不分平仄的剧情；不成熟的拍摄技法；不讨喜的翻拍……
但这并不影响它打动我，并且让我看到在女导演的电影里，女性角色呈现出了怎样的主体性与生命力。
是婚内出轨被轻飘飘揭过的乐丹；是插足情感被一笔带过的莉莉；是被允许怀有野心和事业抱负的豆豆；是对准性骚扰对象的摄影机；是那句“看心情吧”。
是不再审判女性道德，是把女性去符号化，是将真实的女性形象公之于众。她们并不完美，但她们独一无二。
对于影视作品里针对女性一以贯之的以弱为美、观赏痛苦的男性审美，贾玲打出了漂亮的一拳。",5stars
"能感受到贾玲在这部片子里倾注的心血，尤其是故事后半段被昊坤和乐莹的对话爽到了
“带你去吃牛蛙啊”“我不爱吃”
“看哪天合适”，“看心情”，她赢了！",4stars
贾玲凭此片可以封神了 中女困境 贺岁片里唯一的女性导演作品 戏里戏外都需要女性付出比男性更多的努力 一旦突破自己 就可以无敌了 赢的不是结果 是完成整场比赛 最后没给渣男一拳真的算慈悲了,5stars
烂梗老段子大杂烩，性别对就完了，某些人的精神A片,1stars
没有爱情，没有温情，甚至没有激情，一点也不热辣滚烫。生活不是励志电影，好想赢不是为了证明我能行，而是为了证明我不是不行，正因为赢一次很难，所以那些想赢的时刻才珍贵，好想赢一次，但输了又怎样。看到最后幕后视频，我很佩服贾玲，总拿胖作为笑点的她，心里肯定也会在意，也想赢一次，这部电影是她的一次自我表达，没有比这更作者的作者电影了。多一星给贾玲。,4stars
"鸡翅怎么做才好吃，分手怎么说才体面，房子怎么给才算理所应当，故事怎么编才能完美收场。生命究竟是场三万天的短途还是三万块的豪赌，人生是一锅咽不下的牛蛙又接着双手付出的苹果。
善意会在暴雨中送伞，却也总是在黑暗中漏电；爱情始于错位的起点，终究避不开异路的终结。
换上运动鞋未必是为了远行，缠上白绷带却已预备好流血。关不上的窗就让它投进初阳，扶得起的命绝不倒地投降，减下的重量不曾代表我已卸甲，浑身的疼痛才是勇敢者的奖赏。
我不是你该签下的那张空头账单，我是每个夜里照亮自己的漫天星光。",4stars
最大的问题是贾玲始终高于乐莹,3stars
明明想要看的是一个饱受社会冷眼旁观肥胖者发现自我，寻找自我最终获得自我价值的励志电影，但整部电影过了一个多小时我没有看到女主有任何心理上情感上的变化，反而是一直含情脉脉得盯着男主角看，根本没有一点思想上的改变，然后莫名其妙的成了讽刺恶意剪辑的讽刺电影，好不容易来了组励志镜头，结果没几分钟就瘦成一条闪电，继续无聊注水的剧情。而且，这电影男凝味道十分严重，开头李雪琴那段，把出轨这种不可饶恕的罪恶以喜剧化的效果展现出来是何居心？总之勉强给两星吧，算演员的付出。最后肥胖不是原罪，健康才是追求！,2stars
夸不了一点……两星是减肥辛苦了,2stars
利用人心的善，就是最大的恶。上一部也是。,1stars
如果是男导演拍这种题材绝对是屌丝逆袭的励志史，最后不仅名利双收还会抱的美人归。只有女性电影人才能传达如此不功利的信息，蜕变只为挑战自己一次，贾玲真的了不起！！！,5stars
现象级作品。我倒不觉得她是因为男人而奋进。而是觉得她是为了自己捧出去的真心被作践，一而再再而三，而难过。这是一个寻找自已、尊重自己的过程。,4stars
怎么能有还没看就恶心我一个月的电影？普通盖地的营销覆盖各大APP，有种被qj的不适感,1stars
没头没尾的故事，没头没尾的人物，没头没尾的情感。影片呈现的始终是断面，截断的拳击动机，截断的瘦身奇观，截断的心灵成长。断面之外是紧实的暗部，是小品、网络梗和微短剧之外的现实。可乐莹毕竟生活在一个梦想和丑恶都被聚光灯照亮的地方。佩服她重拳出击的勇气，也叹惋她平平无奇的表达。,3stars
我并没有领会，我只觉得打拳前的乐莹不快乐，打拳之后的也并没有很快乐,3stars
贾玲很励志，并不代表这是部励志片,3stars
电影四星。但是看到很多男的破防了，觉得电影值十颗星星！一百颗星星！如果一群男的来骂你了，说明你成长为了一名优秀的女性、攀上了巅峰！,5stars
贾玲有让人给三星电影多打一星的力量,4stars
"拍蜕变进化，却不愿直面自己蜕变前的不堪与狼狈，反而把一切归因为周围人心险恶，内里讨好人格，这导致故事本身的失真。即使一年瘦一百斤再震撼人心，也逃不过这是贾玲，而和杜乐莹无关的感官陷阱。所有为这部品质一般的电影打高分的人，多少都是为了贾玲，而不是电影本身。于是这自恋的弧光，便更扩散到一个戏谑的程度",3stars
本来对贾玲印象挺好的，现在铺天盖地的营销，恶心死了。还有一帮女权傻狗搁着打拳,1stars
妈呀评论里好多菇子破防啊，就这一点不值五星？,5stars
从电影艺术的角度来说充其量是习作，活像一群大学生攒出来的剧本，全片节奏磨蹭得令人发指，喜剧性低级得一塌糊涂，整体镜头调度和几段mv拍法都极其偷懒。但贾玲之独一无二之处唯在“真诚”二字，这样的作品真的能让人看见“爱”，爱自己，爱母亲，爱好友，爱同胞，爱所有的女性。感谢贾玲能在这个年代出拳；感谢有电影，道破心境，被千千万万的女孩看见。要有自己，要有梦想，要有力量。（为啥到最后玲儿的声音还是软绵绵没啥精气神的呢？（3+3/10,3stars
祝所有的女性，出左拳！,5stars
贾导演投机取巧确实有一手，借用一下丰言丰语的话：它既不滚烫，也不麻辣，只有一地的鸡毛和无尽的尴尬，用尽了盘外招来撑票房，等xxn们爽完了，情绪被拿捏了，手里的钞票被收割走了，免费的打手当完了，你的生活仍是一塌糊涂，你的房租还要交，你的体重仍然在身，你不仅没有重击别人，反而被生活天天重锤，直到下一次的“撅醒”,1stars
人物单薄，叙事单调，全片最成功的就是贾玲关于自己减肥的营销。,3stars
减肥确实厉害，但电影真的到不了3星，对女导演的支持也不应该通过打高分来体现,2stars
就凭最后没答应那个男的，这部片子的主动脉就体现出来了，一个女人的独立和自强。虽然不够成熟，中间让人如坐针毡，但是汗水撒过，没有人能不被打动，除了某些♂的,5stars
我没有看到网上铺天盖地宣传的“真诚”，我只看到了对底层人民不切实际的的意淫与哄骗。,1stars
"贾玲反复强调，不是呼吁大家减肥，如果你躺着快乐，那你一定要躺着。所以，《热辣滚烫》不是励志片，不是让大家都去报课，而是希望你“做自己，看心情”。在灰色的大环境里，在感受快乐越来越难的时代，找到那个敢说不，敢挥拳，“热辣”又“滚烫”的自己，才是这部电影要表达的初心。
贾玲没有传统标准里做导演的天分，但胜在真诚，本来以为一部《你好，李焕英》已经是她导演生涯的尽头，没想到，她再次用真诚打动了我们，看完电影热血沸腾，就特别想成为更好的自己，我个人希望它卖爆。",5stars
说是女性电影，女导演处处背刺女性，闺蜜背刺女主，闺蜜抢男友，说是不想当小三，妹妹婚内出轨，孩子还不是丈夫的，还有雷佳音喝醉酒半推半就那部分，演的仿佛被睡，还占了便宜似的；说是励志电影，那应该是一个饱受社会歧视的肥胖女性处于弱势，发现自我并寻找自我，最终实现自我价值的过程，结果没小人物的颓废，也没思想上的变化，整体情绪薄弱，励志镜头，更是没几分钟就瘦成一条闪电。营销减肥就更搞笑了，她的条件需要现在才减？大概是她胖时，作为喜剧演员会有亲和力，现在瘦了可以作为励志宣传。本来对她有好感，现在只觉得她真虚伪。,1stars
贾玲和安藤樱的表演之间差了一百个细节,1stars
贾玲用最笨的办法拍摄出那五分钟的变化，她就赢了所有人。,5stars
莫名其妙，整个影片大部分篇幅都在讲乐莹遭受的挫折，但乐莹的觉醒、逆袭只花了几分钟就交代完了，最后的拳赛走廊的长镜头又太拖沓。不知道张小斐出轨的情节安排到底有什么意义。下定决心离开父母并且能够说出赢一次比三万块更重要的乐莹怎么会恋爱脑喜欢上拳击教练呢？还有电影和片名有半毛钱关系？,2stars
精神感人，电影一般,3stars
一部电影只能宣传自己瘦了那真是没有能拿的出手的了，烂片,1stars
电影是好看的，贾玲也令人钦佩，但创作者应该没想清楚自己想表达什么。贾玲接受采访时讲，她想讲的是善良的人要学会爱自己。但由于对十年躺平的原因交代不够，善良和曾经不爱自己这两个故事背景都缺乏说服力，减肥一百多斤、打完一场拳击赛和爱自己之间的等式也显得勉强。,3stars
不知道说啥，这种片子豆瓣都能八分，更说明现在电影不需要情节，只要抄，抄，抄,2stars
"三星，整体凑合。镜头太现代太普通，前面铺垫有点长，节奏慢了。
贾玲的表演是扣分项，很显然她对宅家失业自闭人群不够了解。自闭是从内而外散发出来的，低沉的时间是随机的而不是无限制的持续。贾玲想用无时不刻的哭丧脸来表达痛苦，有点用力过猛。",3stars
花絮比正片好看，让全国人民花钱来看自己的励志vlog真的好爽啊,3stars
很伟大的一部女性成长教育史，我想说影片里雷佳音的破防男形象到底是评论里多少打低分男的缩影。你们男性导演镜头下的热血是逆风翻盘的血汗史，制造矛盾的方法是怼在强奸戏中女演员脸上的冲突戏，是春节档违和的胜利和大团圆。本来看前面的铺垫我还觉得杜乐莹的人物不够立体，后面两个镜头的callback和蒙太奇突然就让我鼻子酸了。贾玲拍的是人文关怀，是给苹果时的看我心情，是我不喜欢吃牛蛙，是拳击比赛时非英雄主义的倒下和一次次地不放弃，很多人觉得减肥一百斤是你营销的噱头，而我想说你丢掉的不止是一百斤，你的精神减肥丢掉的是讨好型人格的懦弱，关怀的是女性的成长。你赢过一次了，并且在未来会赢更多次。,5stars
真好，不是爽文。比赛没有赢，伤害过你的人也没有得到惩罚，生活不会因为瘦下来就发生翻天覆地的变化，但是只有你知道，你已经不是原来的你了。,5stars
看完了可以好好反驳8u的骂点了。说和雷佳音的感情戏腻歪很娇妻的：对啊那时候乐莹就是娇妻啊，别人要一个苹果她给俩，背后帮忙给钱买名额，借钱也要给做健身餐，拿着水杯子在拳击台旁边看人家打拳。塑造的就是一个把自我寄托在别人身上的娇妻啊。雷佳音的角色本来就是一个无事谈梦想有事谈现实，被质疑就破防喝点酒输不起的一面就暴露的average男。不自己上台去发光，只愿意在台下鼓掌———我的泛娇妻定义。乐莹本来也不是那种言情剧里那种无错无辜女主，和雷的角色谈恋爱就是那个状态下的她会犯的错。 还有嫌弃乐莹的角色减肥后仍然没有气势的……一段蒙太奇后蜕变请移步90年代chick show，打出一次重拳就算赢，对应的是说出拒绝，拒绝停止比赛，拒绝雷的邀请。还有说女性角色负面的…拜托需要负面角色，难道把工作都给男演员？,4stars
杜乐莹感觉是讨好型人格，她一直对人好一直被伤害，其实蛮喜欢这个结局的，就是和雷佳音那个床戏太辣眼睛了。。。。,4stars
😉一斤猪肉370万的含金量,1stars
最打动我的两个点：1.没有和任何人和解 2.结束比赛，仍然继续训练。打拳不是终点，打拳是生活本身。,4stars
电影本身并没有触动到我，彩蛋里贾玲减肥日记才是最打动人的吧,3stars
"把女主身边的人都塑造得太反面了，编导到底还是没能放下道德包袱，女性主义不够彻底，这种矫饰无疑大大削弱了作品的锋芒，将满怀关爱意义的针砭现实之作降格为失意底层的无能抗辩。过多的mv式段落暴露剧作疲软视听匮乏，片尾字幕表贾玲一人宣传占据半份版面更是过火的营销，但其又确实是值得全家一起观看，能够推动两代人沟通的话题电影，尽管它极大可能是一部加深父母辈对下一代误解的电影。
",3stars
真的无法苟同这个评分。只能说电影是电影，贾玲是贾玲。贾玲是牛逼的，但电影真的不合格。贾玲说不希望把大家把注意力都放在她减肥上，而是在意她的表达是否清晰。但是电影的逻辑，内核，确实不够清晰，也就是说，表达的确实不好。人物不够丰满，情节立不住脚。电影有再多的小巧思，小彩蛋，脱离了稳固的内核，都会成为哗众取宠。,3stars
"前面段过于堆黄梗，烂梗，尤其是那句大姨妈还不能出点血给我恶心到了。
大多数人说讨好性人格，从讨好他人到讨好自我。但是我想说摆烂十年就不是讨好型人格。
宣扬女性主义，但片里的大部分女性都是坏的。学习拳击的动机根本就不成立。
剪辑太割裂，很多角色过于扁平化，纯纯的工具人，像是看了一半小品和一半国脸百元的照抄，很多地方的分镜都是一模一样的。不过可能后半段减肥太累了，懒得去想新内容，能理解。
最后我想说很多人的演技真的很差很差。
本来是反感恶意营销。然后很多人说她好看。抱着期待的心情去电影院。然后一坨大b
如果我是女生我很胖没减过肥，可能会打两星吧。",1stars
为了让一个啃老十年的家里蹲形象合理转变成励志大女主，亲姐姐、闺蜜、前男友、现男友、老板、远房亲戚全员恶人。所有出场人物都是为了衬托女主的善良单纯，配角们都像是脑门上刻着小人二字的纸片人。这电影比烂片也就多了一个减掉一百斤的贾玲。,3stars
"不仅没诠释出原版的丧燃，连几个主要人物人设和练拳的动机都立不住 ，实在拙劣。我能接受贾玲拿一百斤肉换三十亿票房，但不能接受豆瓣冲这一百斤肉给电影打八分，中国电影真的别再丢人现眼了。
",2stars
忽然有个问题，一个月薪2500、房租800的烧烤店服务员，怎么能买一整年300元/节的私教课的？,3stars
服了，可以别侮辱原电影吗,1stars
一个小品演员减了个肥天天上热搜营销  为了钱真的是连那个啥  都不要了 重要的是你减个肥跟电影好坏有个毛线的关系,1stars
谁能告诉我为什么给差评的都是蓝吊子啊哈哈哈哈哈哈，贾玲减肥这么让你们破防吗？女人赚钱让你们这么破防吗？,5stars
对男人的形象塑造太到位了。随地大小便还理直气壮，嘴上说着“梦想”满口大概念，自命不凡自视甚高结果最先败下阵来，爱在别人面前装B，爱面子又嘴硬，刻画得太到位了。当你以为男的是酒后乱性，实际上就是清醒时候做的事儿，还问女的是不是第一次。还有个亮点就是，男的不会因为女的胖或者普通就不会不性骚扰，女的被性骚扰不代表外表要再遭受一次审判。在对女人的形象塑造方面，也终于不再是千篇一律的圣母，不再是傻白甜，不再是完美的“女神”，不再是刻板印象下的任何一种好女人形象。女人可以出轨，女人可以算计，女人可以有想法有梦想。张小斐的角色就算孩子也不是前夫的，还享受到了“她只是犯了全天下男人都犯的错”的待遇，我们看了这个电影不会去审判她，因为这是轻轻带过。所以女导演真的很重要，起码我不用在观影的两小时内吃到屎,5stars
长达五分钟以上的展示身材慢镜头和长达十分钟的结尾显得有点自恋了...感觉像是贾玲为了减肥特意写了一个故事顺便拍了一部电影。前一大半竟然写一个软饭男的故事，不如直接拍贾玲的减肥全过程实录呢。请缩短一下软饭男，将关注点放在怎么练拳什么省赛国赛机制把这个事业介绍给大众和女性遭遇的阻碍更好吧。,2stars
原生家庭塑造的讨好型人格，在改变形象之后对所有伤害自己的过往云淡风轻。善良的人不会被眷顾好运，但勤奋和努力会让人刮目相看。给每个身处泥沼的人亮起一颗星，乌云退散勇敢做自己。雷佳音是当下现实受挫躲避理想摆烂青年的写照，李雪琴居然成了“小三”专业户，杨紫应该是第一次演了一回“坏”亲戚，马丽魏翔等符号角色是绊脚石也是催化剂，机会终会垂青自律的人。和其他演员为角色瘦身不同，贾玲是将个人励志体验拍成电影。最令人感动的是结尾说因为上一部分镜脚本没人能看懂所以学画画，但还是没学会。普通人不是神迹，可以创造奇迹，也可以允许失败。,暂无评价
男人的热血故事总要有一个反派大坏蛋，主角通过打倒他来获得世俗中的成功和所有人的尊重与敬仰。而女人的故事不需要这个大反派，因为女人的人生中处处是反派。要坚定不移地一步一步踏出，要学会对不堪的人生挥拳。,5stars
很奇怪，我最想哭的地方是影片的开头。贾玲吃着冰淇淋在街上闲逛。感觉哪里都不属于自己的，什么都不曾拥有。片子真挺俗的，但敢于和世界赤身肉搏的贾玲值得,4stars
中国电影需要女导演女演员,5stars
"电影有两个很感动的点。
一是虽然比赛输了但她说自己赢了。
二是她没有跟昊坤在一起。
",5stars
女的大部分打五星，男的大部分打三星。这要是男导演，他们能打十星。三星很中肯，我就打五星。,5stars
为贾玲个人的毅力和自我意识摇旗呐喊。再说电影本身，之前看过百元之恋，总体叙事热辣不如百元，演技热辣不如百元，我心里这电影就两星半水平，结局拒绝渣男再加一星。作为导演的贾玲，就像一个没什么创意但是有很多细腻心思的高中女生，做很多手帐书本包的清新好看那种，就是成绩不好。,3stars
前几天在微博上刷到过一个评论，大体是说热辣讲的是一个空心人长出脊柱的故事。就是这样！！！看不懂这层的人就人完全没理解这个电影，这才是真正自我革命，哭死我了😭。,5stars
这也叫电影😅😅,2stars
最震撼的不是贾玲瘦了，而是贾玲赢了。这样的电影才对所有人都有意义（一星两星的评价点进去真的全部为男，太好笑了）,5stars
改编的挺贴合国情的，起码不显得不日不中的。最后原著的两个人改编成一个人走在路上我很喜欢！,5stars
很喜欢最后她能主动说出“我不喜欢吃牛蛙”这个桥段,4stars
改编上没有犯错误，拿了原版的核，在这个基础上又做出了本土化的新东西，贾玲的厉害之处，是她都拿自己下刀，不管是社会情绪的部分，还是变身拳击手的部分，她让这个故事变成了看一个女人学会爱自己，赢自己，让自己变得更好，更强大。不要奢望春节档的电影可以承载艺术电影的个性和作者表达，那就不是春节档了，事实也证明，春节档的观众不喜欢沉重的东西。它只是把表达置换成了情绪，贾玲变身拳击手就是一场来自血肉之躯打造的视觉奇观，是她为角色的付出，她的努力和真诚充满力量，她的改变带着符合当下时代价值观的正能量，像一场行为艺术，人戏合一。,3stars
我愿称贾玲为中国电影的希望。不只是因为减肥增肌，她在这部电影中的导演能力和叙事水平都更上一层楼了，演得也很好，从头到尾乐莹的性格都没有“飘”，可以感觉到这个人物哪里变了又哪里没变。这不是一个全女的作品，也有很多下三路的东西，但能看到一个内敛温柔的女性的坚定的表达，没有《芭比》那样的直接讽刺，却把一个个男性不堪的样子刻画得入木三分，当然也有女性“恶人”，这部电影的定位不是女性主义，但它是一位女性的个人英雄主义，这样也很好。这部电影第一次让我觉得很亮眼的点是，贾玲对生活的观察和表达非常细致温情，这远比她拍男女感情细腻自然得多，如果有更自由的创作空间，应该会更好。除贾玲以外，也能看到其他人对她的支持，张小斐和杨紫的角色都不讨巧，却演得非常恰当，张小斐尤其是，把自己交付给朋友，交付给作品，这是希望。,5stars
就在玲姐一身肌肉的出来时，后面男观众说这身体P的有点过了，我就决定要5🌟，大年初一真的笑死我了！！！！！,5stars
"典中典:“你不会是第一次吧？有病啊，明知道会输还打什么？我请你吃牛蛙？”
玲儿给了回复:“下次吧，改天，看心情”
她早就预料到典男会嘘声一片了，攻击女导演简直跟随地大小便一样简单，不过姐已经不在乎了，她的对手也不是这些人。",5stars
贾玲依旧是极度的真诚。失败只是人生的一部分，世界纷纷扰扰，只有你能把自己拉出深渊。真正的成功，不是赢比赛，而是找到方向、认可自己。即使未能胜到底，但一拳轰掉颓废、压抑的人生，又何尝不是另一种“赢一次”？,4stars
得，一个破小品电影看亿万富翁贾玲减肥的片子又上升到了全体女性的角度，成了某些人伸张正义的工具，电影本身却没有任何东西值得讨论。如果这片能够8分，那么摔跤吧爸爸应该可以100分。,1stars
本来是想打四星，但是酸鸡太多熏到了，所以补一星中和一下影评里面冲天的kendom酸气怨气不服气-“一个打拳的女的有自己的意见了！”就冲这也得打五星,5stars
贾玲的白眼！为什么这部电影引起热辣滚烫的讨论？因为贾玲轻蔑的翻了所有自以为是的男人的一眼。无论是精英还是路色，无论是暖男还是渣男，以为贾玲会羞辱出轨的前男友，没有，只就给你模模糊糊的背影！最亮的点是，结尾处，面对男主的约，女主说看心情，答应肯定是不可能的，也没有报复的戾气，谈不上看得起看不起你，彼此体面，看心情！这出乎了所有自以为是的男人的意料，以为会相逢一笑泯恩仇，以为我堕落去搬砖了，但我来看你比赛你就得重投我怀抱。只有女导演在女权觉醒的时代背景下才会这么拍！可载入影史！无论是女导演的自觉还是资本在把握时代脉络，这部电影具有划时代的意义！争论吧，热烈的争论，仅仅贾玲一个白眼，就让这么多人不适，说明还需要热辣滚烫的争论！,5stars
电影我给三星，但玲姐我给五星。,3stars
差点被有些人带偏节奏，实际上人压根就没把减肥当噱头营销，然后就有人说她一直不营销才是最大的营销，那你让人咋弄，怎么搞都会被骂，恶意太重了吧？还有那些上来就打一星的，不就是嫉妒人家的优秀和成功呗。再说片子本身，真诚真是必杀技，你能感受到人家那种深深的真诚，拍的作品接地气，能引起观众共鸣，能让人看了引起思考促进成长，这就是好作品，这就叫人民性，不支持这样的作品难道要去支持那些小资腔调浓厚、贬低矮化普通人民的捞钱垃圾吗？天龙人才会喜欢那些吧，我只是劳苦百姓。,5stars
轻轻的一句我操被伴娘礼服遮住，厮打到离家出走也要回去签个字，预支的工资换来一句滚蛋，鼓足勇气站在台前只是一个爆点，穿堂风吹得窗帘像招魂的幡，死不了就站起来，看不见的痛化成镜前的痛哭，两个苹果都得看我心情，不吃牛蛙是我的回答，赢一次是我的坚持。,5stars
不好评。一方面自然会被贾玲的真诚打动，以肉身书写自己的失败成功学，这种真诚的力量在所有的理论和准则面前都显得太过强大；但另一方面，也正是因此，当乐莹逐渐在大银幕上消失而被真正的贾玲取而代之，被书写者和书写者的身份逐渐融合，影像作为一种虚构媒介的属性正在被不断干扰甚至侵蚀——贾玲还不是一个能讲好故事的导演。,3stars
"仔细看會發現<熱辣>里藏着許多小細節，
1.何坤說樂瑩的左拳很厉害，之前樂瑩打碎厕所鏡子的是左拳，抵抗飯店老板的也是左拳；
2.豆豆剛剛出來的時候我還欣慰，總算有個對樂瑩好的人了，結果她在電瓶車棚抱樂瑩，在樂瑩背上留下了兩個黑手印，暗示了她之后要背刺樂瑩，而豆豆的所作也是壓垮樂瑩的最後一根稻草，讓樂瑩下定决心去自殺；
3.何坤的簡介裡寫著:塑型，而昊坤的簡介裡寫著:塑性；
4.昊坤和天福的那場拳擊，看的時候我不禁在想，賈玲都增肌了，雷佳音咋不練練呢，後來才明白，不練更符合昊坤的人設；
5.樂瑩練拳擊以後一直把拳套带在身邊，哪怕和老爸吃飯旁邊也放著拳套，昊坤之前撒泡尿就把拳套給丢了，誰更愛拳擊立見高下；
6.樂瑩開始練習後就戒煙了，而昊坤哪怕之前打比赛都没有戒煙，他的夢想只是停留在嘴邊而已。
",5stars
编剧、剪辑，都很平凡；最要命的是，通过电影看到的不是杜乐莹瘦了而是贾玲瘦了,3stars
导演毅力是有的，才华是枯竭的，笑点是尴尬的。叙事杂乱，前后无逻辑，重要角色的前后人设都是矛盾的。燃不了一点,3stars
在电影的最后她依旧用着轻轻软软的嗓音说话，但再也没有人敢不把她当回事了,4stars
6.5分 更像个人MV,3stars
相信贾玲，理解贾玲，成为贾玲。先抑后扬，以配角（张小斐、李雪琴、杨紫）的偏狭和恶意来成全主角的励志，这种二极管式的人物刻画方式，是包括陈思诚在内的所有头部中国商业片的共有特征，贾玲连一点独特性也没有。,2stars
丧怎么演成虚弱了呢,3stars
很喜欢这个结局，没有雷佳音的加油，没有反转局面，是靠自己，是赢的自己，贾玲牛的。,5stars
明明可以给你直接看一部减肥vlog，贾玲还附赠了一些剧情。该说不说，贾玲这毅力挺厉害的，这股劲很令人感动。但乐莹这个人物挺立不住的，不受待见真不完全是因为胖啊，唯唯诺诺低声下气的表现其实完全不是那种颓和丧的感觉。后期奋力运动的镜头属实给的有点太多太长了，一整首歌的时间重复放，备战还要再来一遍一首歌的时间。故事方面其实甚至不如李焕英。雷佳音好歹练点肌肉再出来演教练啊…,3stars
2.9 大众爱看老套的东西，观众爱提及AI但不一定喜欢真正谈论AI，真实对观众来说不太重要，但观众喜欢提及真诚与真实性。想看一些不需要那样呈现“真诚”默默付出的电影，拍电影纯纯虚假一点也没关系。经济下行时，拼命也好，不拼不狠也好，天天躺着偶尔出去喝喝酒也挺好。片不太差，但就不是特别喜欢只让工作量被看到的、过于中庸直给的电影。的确在看的时候联想到对身体的“真实利用”，也想到德尼卡旺和李康生这样的演员，以及真利子哲也的作品，怎样利用身体才是更好的呢。,2stars
其实没有很特别的惊喜，但也绝非只有噱头的电影。但就算拿减肥当噱头我也觉得没什么，贾玲至少还愿意减100多斤来让我在春节档看到点东西，这不比饭桌上有些男的挺着啤酒肚来教育人有意思？更何况电影的内核没有跑偏，完全是一个关注女性自身的故事。最感慨的竟然不是她的比赛相关，而是她拒绝雷佳音那里。彩蛋也蛮励志的，感受到了力量感。希望贾导赚大钱，永远开心！,4stars
彩蛋花絮比正片好看，不明白为什么对一个随地大小便的男的能动了心，被他口头上空喊的那两句坚持梦想吗？还为了男的在自己都没钱租房透支工资的情况下办卡花钱替男的走后门去省里打比赛，结果男的收钱打假拳，当众辱骂女主不承认他们的情侣关系。后期莫名其妙的动机就开始国产套路的燃。还有就是导演别找整容演员上大屏幕了，脸僵的真的特别出戏，在大屏幕会放大演员的瑕疵，一张僵硬的脸真的很影响观感,3stars
看到男的崩溃就想笑,5stars
看吧 女性不需要男人的爱来拯救,4stars
这种片子就是国产票房最高的电影，可想而知………………,2stars
要不是贾玲来自导自演，而且是真正的减了100斤，这电影应该就没有现在这分数。俗套、拖沓、煽情，几乎有着很多国产电影都有的通病，但贾玲很懂把握国内观众的情绪共鸣点。,3stars
"为什么摔跤吧爸爸就能得到赞誉而女性为主题会遭到攻击
为每个自强自立的女性鼓掌
这是我们需要的女性视角和女性的自强不息",5stars
胖瘦与输赢只是壳子，重要的是她学会了怎么为自己活着。,5stars
"我觉得热辣滚烫最妙的处理是没有走向爽文的俗套，没有赢得比赛，没有和任何人和解，也没有找任何一个人的麻烦。试图从外界证明什么，或许会让自己掉入另而我只是想攀越自己的那座高山，在自己的原野上唱自己的歌，好一个我本位啊。

（在微博广场看的觉得写的很好！）",5stars
就冲着贾玲电影里的女性都是“活人”就值得五星了,5stars
看完我一直在想什么是电影，难道真诚就能是了吗？三颗星都是给贾玲本人的，绝对震撼，但B站看看训练剪辑版就行了。,3stars
如果没有亲身经历，是不会懂那个被打到流血站不起来的女生为什么要坚持下去，挥到身上的是来自社会和他人的一记记重拳，是善良换来的伤害。如果心里的伤无法可视化，那身体的总会吧，会疼会流血，心里也是。感谢导演贾玲没有让乐莹原谅所有人，没有虚假的合家欢大结局，过去的伤害不需要原谅，也没有必要挂怀，她胖或瘦，长发或短发，被光晃醒或者消失在黑暗中，自始至终，都只有她一个人。,5stars
真心觉得贾玲直接拍个真人秀或者减肥纪录片都是四星起步，但作为电影难道不是首先要把故事讲完整吗？更何况还是翻拍,2stars
“用配角的狭隘和恶意来成全主角的弧光” 和男演员毫不管理的体毛…..没有贾玲这卖命的一百斤这电影就是坨大便,2stars
《热辣滚烫》应该是整个春节档最差的一部了，一部电影的宣发以减肥作为主打，我就感觉这片不妙。我很能理解贾玲在中国电影市场发出女性声音的重要性，但是电影质量真的有待提高，懒人逆袭故事背后的前提和基础太过薄弱，导致片子从一开始就是悬浮，后面的剧情走向也是相当平淡，整部影片像是靠一个个碎段子拼凑而成的小品合集，除此之外贾玲拍运动题材真的缺她减肥时的那股子狠劲，无力的镜头和剪辑挤不出一滴肾上腺素，拍的软绵绵的。当然我也很欣赏一些女性视角下的细腻观察和情感体验，像“两个人打成那样，最后还能抱在一起”这样的细节，是很多男导演不曾表述过的，但是我不是很理解，为什么我们的女性题材电影，总是伴随着一个或几个差劲的男性，好像两性之间的天平永远无法端平一样，就非要做这样的对比才能突出女性的优秀吗？,2stars
坏消息是并不爆笑，好消息是没包饺子。女主角在下定决心的那个瞬间塑造得不够精彩，让这部电梯逊色许多，但三星问题不大，四星出于私心。我真的不理解用“这电影增加身材焦虑”等话术对贾玲重拳出击的人为什么能给夏洛特烦恼四星，夏洛特烦恼这种集厌女低俗+巨婴男主于一体的电影倒是不增加你作为女人的烦恼了哈？贾玲电影质量不行你该说说呗，爱看开心麻花的你能不能别单独对着贾玲重拳出击啊，是不是属于一种人格分裂啊？？？,4stars
電影有不少問題，但賈玲還是讓人respect的，用肉身建構視覺奇觀，有如早年成龍親身上陣搏命的商業動作片思維（連片尾「蝦碌」片段的思維都如出一轍）。要承認賈玲的真誠和樸素情感是動人的，同時也要承認她的電影沒什麼深度和文化，很難想像一部用路邊撒尿做梗的喜劇有什麼好進行性別探討的，甚至它間接觸發了很多人的身材焦慮但主創可能根本不自知。,3stars
世上还有什么，比“亲手解除自己的封印”更酷？可以拉黑朋友圈那种“给我1个亿我也能”的人，因为他们不仅减不了肥，不会有1个亿，也对成事的条件到底是什么缺乏清楚的认知。他们只有一个骄狂又虚弱的自我。天下的1个亿多了去，谁应该平白给你？贾玲的“亿”是她自己凭本事挣的，不是大风刮来，你这么厉害，干嘛不去也随手挣一个呢？我觉得，这片子不是讲减肥，不是讲什么“底层小人物逆袭”，不是成功学鸡汤，也算不得真正意义的“女性觉醒电影”（不是拍给女性，而是拍给贾玲自己），甚至，它可能并不是单纯讲“赢一次”。它讲的是，如果你总是聚焦于“关系”，你会总是失望，总是虚空，总是输；如果你专注于“事情”，你就能找到支点，找到力量，找到自己，找到尊重，找到1个亿……你也许依然会输，但你也一定能赢。贾玲，respect 。,5stars
这两天系统一再推送贾玲的减肥视频，实在让人反感，贾玲真可谓是一个营销高手，成功将一部部烂片推到叫座大卖，这无疑是电影行业的一大悲哀！实际上我是一星都不想给,1stars
节奏混乱，前半段磨磨唧唧，后半段五倍加速赶进度。故事单薄，人物扁平，人物动机无法理解，雷佳音怎么就突然热血就妥协了，贾玲为什么是废柴，又怎么转变了，最关键的转变一带而过无法理解…作为一个曾经减肥50斤的人，我当然理解贾玲的自信和自豪，但是事实上并没有多少人在乎，别再自我感动了。,3stars
贾玲🐮，但作为电影不及格,2stars
"别太搞笑，拿男性开下三路玩笑你们破防，那么多男导演拿女性开下三路玩笑怎么不见你们抨击😅
还有人说这电影就是贾玲减肥，你们是一点也理解不了女性思维啊，李乐莹她根本不是为了打别人脸，她是特么的为了得到尊重！她以前从没被人尊重过！",5stars
最好的两个点，一个是没有狗血剧情的击败职业选手，另一个就是拒绝了拳击教练。,4stars
小李子拍荒野猎人把自己从一个帅小伙整成邋遢大叔，有当做卖点宣传吗？配合电影增重减重不是一个职业演员的基本素养吗？还有说男凝的也是够双标，姐妹们应该对自己的肥胖感到自信这可是你们自己说的，怎么现在减了肥又热泪盈眶了？一部电影演员减肥铺天盖地的热搜，电影内容本身是一个字不提啊，是不好意思提吗？,1stars
我愿意为这样的女人拍出的电影付钱！！！,4stars
电影全程没提胖，减肥，但是事实只有减肥撑起了这部电影。电影很一般，剧情很流水，全程说话有气无力真的起鸡皮疙瘩，除了从胖到瘦那几分钟，其他都很一般般。,3stars
说实话电影故事一般，但是打四星给贾玲。给中国的女性导演，给她减重一百斤的艰辛，给这伟大的毅力。,4stars
"大厨努不努力管我p事，我只管菜好不好吃，很遗憾，真难吃。

前面一个半小时讲家里蹲十年怎么被周围所有人嫌弃欺负，然后几分钟减肥完成，接着上台打拳打的绵软无力输了完结，这啥玩意？

打五星的，审美也就这个水平。",1stars
"中国电影需要女导演！不懂有些人在跳脚什么，真的是很牛逼的一部片子，一个失去自我的自卑懦弱讨好型人格女孩的自我救赎之路，太精彩了。
   乐莹穿着白裙回家的那个雨夜BGM配着向上走的楼梯和一层层亮起的灯光仿佛是她在黑暗里给自己亮起的一盏盏心灯，此后风雨飘摇路漫漫，这条路上能理解和拯救自己的也只有自己。她的人生，热辣滚烫，只为自己而活",5stars
看完了，没有和v人复合，没有为了v人而是为了自己努力改变，没有恶心人的强奸情节，贾玲一身酷到爆的肌肉，就凭这几点，可以打满分。尽管还是有些雷点在，但比起一众男导演的男味熏天的作品，热辣滚烫完全值得五星！希望以后能有更多像贾玲这样杰出的女导演在影视圈中脱颖而出。,5stars
期待贾玲开创国内女性电影宇宙,5stars
因为贾玲是中国女性 所以这个男权社会对她如此苛刻。随便换个男演员都会牛逼吹上天了。在男性话语权的社会里，我只希望更多girls help girls，girls study girls。停止媚男吧！多夸奖女性！,5stars
你知道你经历了很多，在别人嘴里只剩下一句“你瘦了”,4stars
减多少斤已经不是最重要的部分了，离开家永远是东亚子女们最有效的自我救赎。,4stars
喜欢呀，也喜欢最后对感情戏的处理，想要赢一次只是为自己，爱自己远胜过一切爱的救赎。（有些评论简直有病）,4stars
导演ego太大了这根本是一个自媒体vlog+减肥歌曲励志mv，想到别的角色扁平了没想到能这么平,2stars
电影体验大概是8.2分四颗星，但看到评论里怎么有那么多人见不得人好，对女性艺术家成功真心祝福下有那么难么？决定改打五星。已经深刻在聊自我救赎和人生至暗那些国人掩耳盗铃的一面了，雨夜那段长镜头真是凄美细腻好看极了～,5stars
国内需要的是真正能站在女性角度，为女性发声的导演。而不是只具有女性性别、大脑性别不明的导演。（另外，营销公司应该拿电影收益的70%，在他们的角度，本职工作做的很好）,1stars
 她主动去拥抱的人，背后捅了她刀子；拳击台上互殴的人，之后却能与以真诚的拥抱。所以，她喜欢拳击，她也学会了拥抱自己。,4stars
"说实话，结局前在我这里只是三星水平。
。
看完结局后我不得不承认，我愿意给满五星。
。
女导演的意义就是这样啊，在所有人觉得这个赢了的女孩值得一个“幸福结局”时，女导演把最后的选择还给了了这个战胜自己的灵魂。
。
从长某烬明原著女主的一点点小高光被改，到热度很高的一念某山殉情结局，再到阿某从军里可笑的货不对板。某些人的傲慢不要太大。
。
希望越来越多这样尊重角色，尊重观众的故事重新复活。",5stars
“杜乐莹，五十六公斤”。比赛没有打赢，和家里人也没变好，喜欢过的人像坨烂水泥，可那又怎样，在暴雨里纵身一跃而下，又在朝阳里苏醒过的人，眼里只有向生活勇猛出拳的自己，春秋寒暑，早就是新风景,4stars
"打低分的都是破防的男的吧……
哭死我了，有一段是心疼玲姐不容易，有一段是感动女的终于他爸的在这么一个男凝的世界搏出来了，这比男的拼出来难的多的多……
哭晕了，雷佳音演的好还是拍的好，反正我是烦透了。",5stars
最打动我的反而不是拳手进场通道里那个肌肉线条明显的碰拳，反而是心灰意冷的乐莹走回家时筒子楼梯上一盏一盏亮起的灯，人这一辈子，终归还是要自己为自己点灯。,4stars
支持，但不喜欢。怎么去形容这种失望呢？为啥当代国产电影拍“女性意识”拍到底了也只能“懂得拒绝”和“对自己好”，这种剧本实在是太古老太苍白了。时常觉得现在看书观影最大的矛盾，就是日常探讨日益多元深刻的平权命题，和书影音里依旧古老苍白又单薄的女性教条。里面太多生理性不适的地方了，比如闺蜜抢猪头男人还自称小三（这种短视频剧情是非拍不可吗）；比如床戏里问“你不会是第一次吧”，也太男性凝视和处女羞辱了。电影最大的亮点是贾玲健身这段，但运动的奖励通向减肥xx斤这种思维也太陈旧了吧；同样是拍运动，《野蛮人入侵》就能拍出「修行」的意蕴 —— 运动是和身体进行连接，找回自我，我喜欢这种。ps：当然每个人都有自己的课题和审美，不代表否定 or 抹除这部电影的社会意义 —— 人和演员合为一体，戏里戏外互相照映。,3stars
看到一年时间里贾玲一点点瘦下来、对着空气挥拳的那组镜头还是很震撼的。贾玲减重增肌这件事之所以能给大家带来这么大的震动，是因为你能从中感受到一个人的意志力究竟能有多么强大，作为一个国民级明星，也许她有一百条捷径可以走，但她选择燃烧自己的血肉，去呈现一个故事，去激励更多人。拳击比赛她没有套招设计，就找职业拳击手对着她真打，镜头直直对着拍，打到连观众都感觉到了疼，打到让破碎的自己彻底重生。对于创作者来说，真诚始终是一种稀缺的品质。,4stars
能练出这样的肌肉应该也去过健身房吧？还把拳馆的女学员拍成一个个不围着男教练发嗲就不能活了的样子实在是太坏了，无处不在的对女人的刻板印象，与其说是电影不如说是套上了别人剧本的导演的减肥纪录片。,1stars
《热辣滚烫》不是女性题材电影，只是在讲一个人从支离破碎到重新组建自己的过程的故事，不过刚好是女导演拍摄的女主角。没想到这也能让男的破防，男的也太容易破防了。一部《芭比》让老白男和精神老白男破防，一部《热辣滚烫》又让很多简中男性和减重失败男性破防，这么脆弱，也不怪人家一拳就能KO你们。贾玲加油，你的福气在后头。你们男的破防的日子还多着呢。,4stars
不如直接拍个减肥纪录片。,3stars
这种还不如电影学院学生毕设水平的东西口碑票房双丰收是中国电影的悲哀,3stars
不是减肥日记，是女性力量。,5stars
一个女明星可以调动巨大的资源去实现一场身材和心灵的双重修炼。但残酷的现实是，当你自身一塌糊涂的时候，你身边不会出现任何一个好人，留给底层女性逆风翻盘的机会真的不多。,4stars
我们看到不是乐莹减肥的过程，而是她从自我否定、自我贬低、自我矮化的低自尊状态到关注自我、善待自我，最终到达自我实现且能够从容说出“看心情”的心态转变的过程。这是一种真实的生命力，是人的意志改造身体过程的真实呈现，这是实实在在的汗水，是生命力如花绽放的样貌。,5stars
她会不会胖回去已经不重要了，这次已经赢了。,5stars
不炒作性别议题就活不下去的史,1stars
虽然早有心理准备，但还是被电影里贾玲的样子惊艳。故事里的喜剧包袱抖的很巧妙，数次出现的反转表达也令观众会心一笑。观影过程可以很明显感受到贾玲强大的观众缘。当然，也挺替杜乐莹感到委屈：就像电影里说的，她把两个苹果都给朋友，结果朋友却认为她不喜欢苹果，她全身心投入的对周围的人好，却总是被欺骗与利用，所以她像刺猬一样将自己包裹封闭起来。而电影最后她最后触底反弹为人生赢一次的样子好让人感动。,5stars
我愿称之为国产《芭比》，电影的彩蛋在播后延续，旁边坐的男的一直给女朋友解释剧情以及猜测后续剧情，当雷佳音在会场外等待贾玲的时候，一男的信誓旦旦的说，他俩这次肯定能在一起了，疯狂打脸以后还为自己找补，真心好笑，支持贾玲狠狠打国男脸,5stars
看完想立刻去跑两圈 但也没去,4stars
“趁她瘦下来找个好男人嫁了就算她赢一次”   ……“哪天去吃饭吗”“看心情吧”,5stars
前半小时跟电视剧一样琐碎无趣，贾玲演的不是颓，而是疲，看得我倦，相比李焕英倒退了不少。被感动、被燃到、被励志到的不是主角乐莹的故事，而是演员贾玲的经历。,3stars
看完就理解为什么一直营销减肥这个点了，因为除了减肥，整个电影完全乏善可陈，动机很弱，剧情也很干，不如干脆拍贾玲本人减肥纪录片更好。,1stars
"刚看完。。我和大学的表弟还有初中的表妹三个人一致觉得为啥要花这钱看这又丧又平的烂片。。。本土狗对电影的需求可能需要笑点或泪点低或者剧情节奏能把我带进去，这个电影哪个都答不到。。为啥要拍雷佳音贾玲还有乔杉李雪琴🛏️。。。营销着减肥励志电影70%因为翻拍水土不服讲着贾玲那角色有多少有多少丧，前期娇妻舔狗，到讲减肥开始转变了已经只剩三四十分钟了，而且春夏秋冬一笔带过了。。营销着支持女导演girlshelpgirls，但电影里还是有很多body shame的包袱，你好李焕英都比这个合适，那个至少是个真诚的故事。。。这篇最大的优点就是把日版结尾跟雷佳音角色好回去这点给改了。。留了一个姐独美的结局
贾玲减肥很励志。。但作为电影很难看",2stars
看到不少人说电影里贾玲的眼神变了，没有光了，但其实这才是更真实的她吧，终于不用再扮演一个搞笑角色了，可以丧可以不喜庆可以孤独可以悲哀。之前或主动或被动地走喜剧路线，但喜剧的内核本就是悲剧，而贾玲更有种不得不迎合和讨好的感觉。打拳，减肥，拍电影，没有比这更行为艺术了。还有人说比赛倒地闪回三分钟是把周围人塑造成坏人来衬托她的成功，倒不觉得是在比较和拉踩，而是以她个人的视角呈现那些曾经遭遇过的恶意。但凡弱者，都必然会遭遇这些恶意，而谁没有过弱的时候呢？没有人可以一直做强者的。而她甚至不是为了打击别人而变美变瘦变强，一个真正经历过绝境的人会明白，支撑你拼尽全力的，只是自己的某些愿景，想要抵达某个点的渴望。你就是想要到那里，去看一眼。你根本就不在乎别人的看法了。,4stars
真的很单薄，但传达的感觉是对的。可惜很多人get不到，觉得里面的很多状态是没头没尾的，生硬刻意的。没有经历过习得性无助，没有感受过世界的负面，没有卡在人生的某处苦苦挣扎，又怎么能理解一个人在看似有爱的家庭里能在床上瘫十年，又怎么能理解一个人就是想赢一次，又怎么能理解她对赢的定义，又怎么能理解她初出茅庐招架无力也不肯下拳台。令我感受最鲜明的乐莹的改变，不是身材，而是身上的力量感。最后电视上她的黑历史放出来，妹妹知趣地关了，但她一点都不care了不是吗。无关女性，关乎所有忍气吞声的弱者，关乎一切被侮辱与被损害的人。确实单薄，但一切完成了蜕变的人在看上拳台之前的乐莹与过去的自己对视，能没有感觉吗？是当年再弱再可怜的自己始终残留着一丝不认输的心，才支撑了自己成长到未来，让现在的自己成为了过去的盼望,4stars
非常佩服贾玲的拼劲儿，但前半段真的有点难看，节奏台词包袱都是垮的。最重要的减一百斤过程竟然是几个镜头一带而过，前后断裂得像是大变活人的魔术节目，也像天桥胸口碎大石卖艺班子。不过最后十几分钟还算是被打动了，果然够生猛，片名的感觉终于出来了。希望能出幕后跟拍纪录片，应该会比电影本身好看。,3stars
1.支持女性创作者，尤其是真诚的女性创作者，用运动甩掉100斤肉不是一件易事。2.女性叙事既需要阳春白雪，也需要喜闻乐见。让大多数无声的普通女性，尤其是中年以上女性，看得懂、听得见、有所力量，也是一种贡献。3.女性创作者不需要完美，女性创作者可以营销、可以有野心、可以被质疑。文艺场需要女性。4.看完这部以后，更爱斐玲了，她们真的很棒。,5stars
女导演就是好，拍出更多生命力旺盛的女人,5stars
"前篇太长。从中段“夏秋冬春”开始的剧情甚至台词分镜许多都复刻《百元之恋》，比如和爸爸吃饭、雷佳音追逐、左勾拳等，而且表演、摄影包括审美各方面都粗糙许多，不像原版有细节有余味，拳击戏就更无法比了；
为数不多的几处改动：“想学打拳的理由”还是安藤樱的处理更灵动更回味无穷，热辣版本有一种想换又舍不得换的感觉；结尾“已经赢了”和“吃饭再说吧”的处理观念更当代，但下线方式借鉴了《惠子，凝视》令人难受…
另一个层面，我无法把热辣仅仅当作一部“电影”来看，因为真实世界的贾玲无疑已经成为了虚构电影的一部分，哪怕锻炼混剪在制作层面远不如日版，你在观看的时候也不可能不被点燃甚至数次飙泪。巧的是在贾玲瘦下来后，邻座男生骄傲的对女友说，“我肌肉多时也是这样”，给了这部电影一个完美注脚。贾玲全民偶像元年。",4stars
别恶心人了，能和安藤樱比吗？什么都敢改，百元之恋是当年选送奥斯卡的作品，贾玲运动过吗？了解过体育吗？看过国内的《千锤百炼》吗？中国有多少女孩子打了十几年的拳，知道她们现在什么状态吗？不要拿别人的信仰当娱乐！这种题材不合适拍喜剧！大傻叉！,1stars
一年归来，玲姐已经在next level了，老登谋还在拍绿帽强奸戏[呲牙],5stars
玲啊，真为你骄傲，你现在真是个人物了！你看看他们破防的样子，只有真正手握权力的人才能让人那么害怕！,5stars
给“看心情吧”打5星,5stars
“好疼啊”，电影里的乐莹喃喃说。只有疼到最深处，才能置之死地而后生。是的，看到最后我知道她已重获新生，不只是变瘦，而是变强，变坚定，眼里终于有了光亮，也终于找到了自我人生的价值意义。我喜欢电影结尾她在夜色下阔步向前不回头的一个背影，自信，落拓，洒脱，从容。多好啊，她的人生从此不同。而乐莹也是在慰藉你我：这有些美好有些糟糕、让人又爱又恨的人世间啊，既然我们每个人都只活一次，还是要像她一样，尽力去热辣滚烫地“绽放”啊。,5stars
看前半部分时觉得也就3星，逻辑生硬，表演过火，桥段刻意。后半部分燃烧起飞，一下子就顺畅了，你在赛场上被打的样子像极了我们被生活暴打，但总要努力挥出一记拳头，这就够了呀。离开赛场，还能继续挥挥拳头，向前奔跑，这才是真正的胜利，有多少人困在无聊的工作和生活里，压力那么大还被人责怪，所以拳击也只是一个出口，我们都该找到这样的出口是吧。另外我觉得电影镜头里丝毫看不出减肥，减肥和拳击是两码事吧。祝每个人都能找到这样的出口，不要受别人影响噢。,5stars
好人，但不是好电影。还记得很久以前，贾玲参加《欢乐喜剧人》，她穿着不合身的红色旗袍，在舞台上炫了一整瓶啤酒，抱着西瓜吃到接近呕吐，连台下的观众都忍不住叫停。这种自毁肉体式的表演，一直是她的特长，也是藏在她憨厚外表下的敢于以刀剜肉的莽撞。为电影减重100斤，和在舞台上炫完一整瓶啤酒，其实在本质上没有任何区别。,1stars
就看黑子们都开始出来上班就知道这部电影被防爆得多严重，可是大家就是想去看贾玲瘦了一百斤长成什么样子有错吗？人类就是八卦又猎奇的动物，进了电影院大家都说好就完了！电影散场后阿姨们都在感叹太不容易了，可见只有女性理解女性。这部电影本来被评论引导地没报多大期望，但是真的完成度很高，终于看到在中国电影里不恋爱脑的女性了，单这一点就非常了不起，前半场笑点密集，后半场立意有深度，看到那么努力的贾玲，每个女性大概也都会被鼓舞，没有谁不想成为更优秀的自己，人活着就是得有梦想！,5stars
全靠抄袭 营销，减肥全靠吃药，身材全靠化妆和后期，真是恶心，太恶心了，中国要全是这种电影，那就赶紧毁灭吧，妈的操蛋!,1stars
【B－】有许多极其油腻、陈旧甚至可耻的笑点设置，用脸谱化的角色去讨好特定档期的特定观众（当然日版脸谱化设计也不少）。直至第二幕角色跌入谷底，出现了一个气质截然不同的雅克·塔蒂式镜头，用天气、时间和结构的异动来折射情绪，只可惜配乐过于自以为是，且贯穿始终。自此电影工业和调度创意的撕扯开始与杜乐莹的拳击节奏同步，有极具代入感的拳台长镜头，也有土到爆炸的登场慢镜头。第三回合的拳台分镜几乎完全复刻原版，而被KO后才终于展露真正的改编野心：MV加成的回忆部分被扩展成核心人格的解密，在过往的平淡中不断挖出包袱来重塑那些本不起眼的裂痕（懂了，《奥本海默》），包括那个塔蒂式画面，镜头向前推至建筑的心房，诡叙的空间化处理。但贾玲的真诚依旧可疑，毕竟角色为何要亲自强调自己赢过呢？与其掏空自己，不如信赖观众。,3stars
我想说，就算贾玲是为了营销才减肥一百斤，就算减重是噱头是手段，那又做错了什么？亲爱的男同志们，你行你上啊，何必装的这么高尚，承认别人优秀就这么难吗？,5stars
"贺岁档最失望的一部。
带着“改变”的外皮来老生常谈，
1、不可理喻的营销手法，一边说这不是说减肥，一边用减肥来宣传；
2、对逆袭的理解和表达都浅薄，事实因何而起，在改变的路上会真实面对什么，一概不论，只几个字就说完了？浅薄；
3、同为女性，希望表达女性觉悟的电影不至于此。
",3stars
最大的遗憾是，基于这个女性身材焦虑+慕强恐弱的环境，电影几乎没有对现状本身进行任何批判。胖贾玲受欺负了，就要通过减肥增肌“赢一次”。就连《保你平安》都知道在落入荡妇羞辱的自证陷阱之前要垫一句“即使是小姐，也不该如此”，我却一直没等来《热辣滚烫》里至少一句对欺凌者的告诫（“胖人也不该受欺负”）或者对胖贾玲的安慰（“错的是他们不是你，或你身上的肉——实际上它救了你”）。影院里羞辱胖贾玲和赞美瘦贾玲的是同一拨观众，他们没有机会意识到这种羞辱是不恰当的。当然，强调力量美很好，展示女性增肌也很好，强调了一遍遍“不是减肥，是要赢一次”就差没把中心思想加粗放大，只是当大环境对女性减肥的认知早已经扭曲错位如斯的情况下，如果不是直面它把它扭转，那么任何展示都只能被以最粗鄙的方式惯性理解。这是一种雪上加霜的结局,暂无评价
"上楼的那段长镜头太棒了！跳楼的想死又死不了的悲哀又裹着笑料的包袱真的很星爷！结尾的时候我一直祈祷不要突然搞恋爱不要突然搞恋爱女主要独自美丽，不要大团圆！最后那个背影作为收场真的是画龙点睛！有一种意犹未尽但是却远远没有结束的奇妙感！因为英雄从不回头因为英雄从不为人而活，只想每次都全力以赴的赢一把！贾玲很会用真诚打动每个人她真的很会！我看到了星爷早期的影子希望她再接再厉！永远保持这份真诚！",5stars
为什么在某些人眼里除了她自己，身边其他女性就没一个好东西。只有自己是真善美，比她强的女孩都是荡妇、贪婪、嫉妒、耍心机？ 这是谁的问题？ 描绘这些多余的细节有什么意义？原作可没这么多烂事啊。,1stars
电影本身并不太好看，节奏也有很大问题，用了大半篇幅讲如何被伤害，逆袭和减重过程就是以mv方式快速闪现，感觉人物内心变化过程有点单薄。但是比起国师那部更喜欢这部的女性视角，因为刻画的男性形象，无论是随地小便的健身教练，还是爱揩油女员工的烧烤店老板，都太过于真实了。而且女主自我实现之后也是果断拒绝了男主。最后不得不说，虽然对贾玲导演作品评价一般，但很佩服她这个人。,3stars
感觉贾玲非常理解胖子和没有性魅力的女性的痛点，反而是对于“内向、自卑”的表达还是很浮于表面，所以一直在有气无力地讲话。唯一反鸡汤的点可能是最后的一个小反转。男人、亲情、闺蜜、小人物逆袭的神话都不能拯救她，反而将她推下高楼。她只有自己。,3stars
"给中国电影一个明确可量化的落伍时间轴：
至少落伍日本电影十年（百元之恋 2014）
至少落伍美国电影二十年（百万美元宝贝 2004）",2stars
好痛啊，可是为什么没有伤口,4stars
三星是给贾玲的滤镜，不明白为啥要一直小声说话。,3stars
贾玲用肉身拍电影，打通戏里戏外，身体的巨大蜕变和奋进的精神确实值得钦佩。与[百元之恋]相比，最大优点在于本土化出彩，尤其前半部，人物性格及设定和原作差异不小，还涉及职场文化、真人秀乱象等贴近当下生活的问题。视听语言也有自己想法，如分屏拼接、公寓远景长镜、比赛入场时与过去自己对镜致意等，那段四季苦练蒙太奇确乎使人动容。喜剧性作了强化。目标从赢一场（“不能/不想输！”）调整为打完一场（“我能打完！”）。两版结尾对男性态度都是自洽的，且后续开放留有想象空间。本片亦不无缺点：喜剧桥段刻板印象偏多；配角塑造不如原版古怪偏执小人物那般有趣多元；拳赛段落多原样复制机位构图；贾玲表演离安藤樱尚有差距；最大问题是前后割裂，整体性不足，原版拳击渐次渗入工作生活，女主受挫-觉醒-成长的转变历程流畅自然。（7.5/10）,4stars
后面一直在哭，说不清是为了什么感动的，可能是看到了贾玲身上的那股生命力和韧劲，即使在寒风里我仍然感觉像春天，那么蓬勃。后面像走马灯一样回忆起一个一个场景也让我一直流泪，讨好型人格什么时候才能说出来“我不喜欢吃牛蛙”。,5stars
只有讨好型人格才知道演得有多真。。。狠狠地共情了,5stars
"影片播到杜乐莹登上拳击台比赛，双方实力悬殊，我后面的观众对着他身边的人嘀咕：你看吧，雷佳音演的那个男的肯定会出现，然后那个男的会教她怎么打，最后就反转了。我在心里大骂：你放屁，贾玲才不会这么拍！
这部片最喜欢的桥段是杜乐莹说以前有两个苹果，会把两个都给朋友，但现在只是看心情，以及“我不爱吃牛蛙”。",5stars
不觉得算一部好电影，但是能感受到真诚，足够真诚就会足够动人。最关键的一程一定只有自己陪着自己。未来路还很长，女导演女演员加油！,4stars
对比营销的“减肥片”定位 女性应该首先爱自己 才是电影真正想传达的 可惜的是 对观影的人有要求 1.有女性主义觉醒的倾向 2.共情能力强的女性  对男性而言就是一部减肥片 但对女生而言 一定要去看 感动到爆哭 是的只需要看向自己 不需要在乎谁说你可以或者不行 不要听否定的声音 想做什么就去做 你不仅仅被女性这一身份束缚。 其次那些打1星的 您硬拉120都未必拉的起来 您的脑子也就那种档次了 是破防了呗,5stars
让本就暗无天日的国产电影行业雪上加霜,1stars
不是电影真的只值一星，这么打纯粹是为了拉低如今过高的分数。女性主义不该成为电影不合格的遮羞布，电影要拍好的基础上讨论其他的价值，而不是有了好的价值就强行认定它是部好的电影，不然以后大家都上价值好了，其他的随便拍拍，重要的是价值正确。,1stars
豆瓣7.9 这个分是怎么来的。,1stars
是真的真的特别好！如果只关注贾玲瘦多少这件事，真的对这部电影太不公平了，电影的重点既不是减肥也不是拳击赛，而是讲一个普通人如何取悦自己，爱自己的故事，作为曾经从90kg到现在63kg的重生经历的我，不想说自己看的时候哭了多少次，这里面的故事，我实在太懂了！让我们成为更好的自己，期待的那个自己。大年初一看，真的值得！一定要看完彩蛋！！！！,5stars
看到雷佳音在最后一幕出现的时候，我特别讨厌。但贾玲回应：看心情。我改变了我的看法，多么重要的一幕，比一次次的被打倒，更有力量。,4stars
以前喜欢一个男生被拒绝了，最后一次跟他一起吃饭，我们都说了想出去留学，最后只有我去了。后来喜欢一个男生爱跳街舞，但只是他也只是刚入门。那时候我连kpop是啥都不知道，被他傻傻骗去给他和他追求的女生拍视频。现在，我已经当兼职街舞老师好几年了。亲爱的女孩们，寄托在他身上的梦想，我们自己也可以抵达啊。,5stars
“好疼啊！但是一点伤都没有。”中国人的身体现状。减肥是为了打拳，打拳是为了伤可以被看见，最后还可以和对手拥抱。拳击舞台的象征意义，击中了东方人需要释放的压抑身体。,4stars
个人感觉三星 还行 但是作为一部女性主题电影 以及被众多男性朋友高调唱衰打一星 男性在抑制女性发声一直都很团结 还是觉得要打五星支持一下 支持更多的女性电影 女性导演 女性视角,5stars
真实地再现了讨好型人格的生活，无数次妥协换来的只是伤害，苦难始终会流向弱者，从现在开始触底反弹吧！对女性的刻画和理解值得多加一星,4stars
这是比芭比更值得成为女性电影符号的作品。非常喜欢最后拳击赛场的高潮部分，生活一拳拳击打过来，而你沉默地扛着，生涩地回击，只要能站到最后，你就是赢家。贾玲，是个强者。女性，也可以成为强者。,5stars
“没有一个人善待我，但是我自己跑起来，就能把他们全都甩到身后！”贾玲太厉害了，名利之后也不重复自己，永远挑战自己，非常感动。,5stars
国内如果还能通过这种电影赚钱，那中国就别想有好电影了,1stars
剧本和拍摄比李焕英进步太多了！看完确实不觉得是个关于减肥的故事，而是关于一个讨好型人格为自己活一次的故事。所有的不容易，都在第一次正式拍摄出场镜头时的那次眼泪里了。不容易的不仅仅是减肥、锻炼，还有讨好型人格学会拒绝他人、学会爱自己。缺点是前半部分节奏略显拖沓，不过这已经是一个很好的开始了。贾玲加油！女导演加油！,4stars
喜欢最后的改编，没有和男的一起走，说看我心情吧，然后回去的路上一个人还在打拳，而且也没讲她就回家帮忙了，她那一刻有无限的可能性，也喜欢贾玲从一开始孔洞的眼神到最后坚定的眼神的变化，特别的触动，有了很多动力。再加一个，没有磨皮，展现出贾玲瘦后脸上的褶子，还有故意露出自己的肱二头肌，腹肌这些强大的细节，真的很不错。透漏出的不是减肥变美而是强大了这种信号，真的很不错。,5stars
如果我紫砂了，这个电影会成为我两百个紫砂原因的其中之一,2stars
质量不够，噱头来凑，贾玲是个很会营销的导演，仅此而已。属于网上看都嫌浪费时间的水平。估计一半的预算都拿来买好评了，豆瓣都被搞得毫无参考意义了，再这样劣币驱逐良币，国内电影环境迟早要完。,1stars
女性导演有时是如此细腻柔软，让最后头发凌乱的背影更显出生命力来。不喜欢为了反转而直白的闪回，用他人的恶来凸显想赢的愿。但很喜欢自杀未遂，躺在地上被晨曦包围的镜头。整部电影都给我这种笨拙且真诚的感受，比大鹏那种海市蜃楼里的真善美更真，比《百元之恋》那种压抑中爆发的触底反弹更笨拙。却是无可替代的贾玲，无可替代的中国女性励志电影。,4stars
既然你们非得黑评我就打五分了。剧情里白裙子走楼梯那一段非常震撼，外面风雨交接，窗帘猎猎而动，头顶顶灯随着步伐忽明忽暗，第二天日出的太阳照耀大地才知道，还活着，没下牌桌，还能赢。,5stars
还行，如果前面的动机少一点，后面拳击的部分再多一点，会好很多。贾玲能练到这地步还是挺强的，加一星。,4stars
想不起百元之恋的具体内容了，但是记得非常清楚当时内心的震动一定比热辣滚烫要大得多。这部电影并没有触动到我的内心，大概是因为真实女性困境远比这要难要复杂的多，赢一次也确实无法改变现状。但是感谢贾玲，感谢有女性创作者，每一次激起社会讨论热度的女性创作都是好的，都是对“教父”们的嘲讽。当下，让劣币驱逐劣币，让魔法打败魔法也许是最简单的正确的路。,3stars
减肥 100 斤，是这个片最小的点,5stars
之前的她哭着说好疼，为什么看不见呢？因为她想要自己受的伤被别人看见，但是后来的她遍体鳞伤也不会再叫疼了，因为她需要的东西已经自给自足了。,5stars
"已经走出电影院。排队上完了厕所。骑车到了家门口楼下。
我的眼睛还湿润着。 这是贾玲送给所有人的礼物。
送给那些所有与自我，和外界搏斗过的人的礼物。 
尤其是女人。",5stars
"真诚永远是最有效的必杀技！

所以写这条的短评的时候，我没有看任何人写的任何评价，因为完全不需要任何参考，我完全被贾玲打动了，在她戴着两个拳击手套🥊向着中间奋力一击的时候，我根本忍不住眼泪！我必须真诚地面对自己的内心感受。

所以对于这部电影，我根本不想聊什么镜头、剪辑、编剧、表演，因为这些在我被打动的那一刻真的不重要了。

我重新思考，电影究竟是什么？我为什么热爱电影，不就是因为有一些电影会带给我最饱满的情感释放吗？不就是因为有一些电影会让我重燃对生活的一丝丝希望吗？别人的评价不重要，我自己的心情感受最重要！

电影里的贾玲赢了一次，我还希望她在现实中再赢一次！就这么简单，因为我也想赢一次，谁不想赢一次呢？",5stars
前面一个小时像小品，但忍耐到后半场，从学拳击和身体变化开始，就很好看。不是把身体作为方法，是把身体作为奇观。但贾玲的电影和杨笠的脱口秀一样，可能本身并没那么好，而是她们的存在本身，在这个时间点就拥有了其意义和价值。,4stars
没看过，但是能让某个群体破防的电影我怎么能不打满分呢 嘿嘿,5stars
"女主没有通过爱情被救赎，没有从擂台上爬起来一拳反转，没有让成长的归宿变成男人，看完终于能长舒一口气，毕竟生怕下一秒屎就来了。另外结局那个回放的设计也很好。每处不见血的伤得以示人，让人恍然，原来在那个风雨交加的晚上，她终于攒够内伤不声不响地绝望了。至暗时刻与后来的新生放在一起让蜕变的张力最大化，观众的情绪也跟着主人公一起爆发出来，设计的很惊艳。
电影院散场都没人走，还说这两年为数不多的让人觉得不止于花钱图一乐的电影，结果一来豆瓣都惊了，不知道又哪里触碰到了破防人的g点…啧，臭不可闻。",5stars
为什么女性的觉醒一定要减肥？！为什么胖子总是伴随着邋遢呢？,3stars
很多镜头都很棒，比起励志，我更喜欢用成长来作为这部电影的主旨，我看到的不是一个减肥100斤的女性，而是一个是在千奇百怪的社会中找到自我，坚定自我的女性，她从一个善良单纯却迷茫的角色，走出外面，历经社会各种复杂，慢慢摸索到自我，变得很喜欢自己。我很喜欢贾玲这部电影的结局，没有硬生生的所谓圆满，而是顺其自然，就像结尾约饭时，杜乐莹说“看心情吧”一样，很好地表达了一个人不同阶段的不同心态。,5stars
其他演员：要拍电影了减个肥吧； 贾大导演：要减肥了拍个电影吧。,2stars
没想到大年初一会为贾玲在影院里哭得稀里哗啦。想起天海佑希说，男人会背叛你，但肌肉不会。终于迎风奔跑的贾玲，一身漂亮肌肉的贾玲，笑起来酒窝太美的贾玲，在专业拳手面前毫无招架之力但坚持不结束的贾玲……或许生活就像贾玲在镜子前的哭泣，看起来没有伤，但好疼啊。再一次为贾玲的真诚打动。,4stars
豆瓣评分这是怎么啦？演员拍电影这本身就是她的工作，剧情需要的减重有什么值得宣扬的吗？这就是演员应该做的事，她就是吃这碗饭的。铺天盖地的营销纯纯被恶心到。,1stars
有点不明白除了自我感动还有什么,1stars
如果只能看到减肥，那人生是有多浅薄，连我妈看完都说了一句“人一生就是为了一股劲儿而活”。四星半,5stars
"励志有余精彩不足。对贾玲的付出和努力致以崇高的敬业,不过也仅此而已。作为喜剧片没笑点,作为运动片不专业,作为剧情片没深度,很难给这部影片一个具体的定位。我们去看的也许只是一场贾玲的大型减肥秀,期待的只是她瘦身成功出场的那一刻,给出那一声或羡慕或欣赏的哇塞。除此之外,《要断章取义》节选自《不要断章取义》是我们更要关注的问题。",3stars
这也叫赢吗？有父母养着，减个肥打个拳，很难吗？胜利如果被降格成如此，人的尊严又真正在何处呢？要真想励志，就把活着有多难拍出来，一个月赚两千五房租八百然后还有钱上私教课吗？餐馆里工作半天还有精力去打拳跑步吗？这不过是一次自我感动的游戏罢了，全片亮点在于结尾的朋友圈，即他们无论做什么都不是为自己而活，而是在律令他者的目光下赢、赢、赢，乐、乐、乐。乐赢乐赢，乐就是赢，管它真赢贾赢呢？于是总要“看心情”，一水的观众自然是赢了，贾玲更是赢麻了，那谁输了呢？餐馆里的打工姐妹们，她们被这部电影侮辱了，生存本身已经很难，为何我非得那样“赢”一次才不算loser呢？为何我非得光鲜亮丽的才不算loser呢？我是自力更生的人，而不是被豢养的猪。猪瘦下来，依然是猪。,1stars
没得说，贾玲再一次打动了我。比起《你好，李焕英》，导演贾玲的拍摄技巧和镜头语言看得出明显的进步，但最重要的是她依然足够真诚，看着乐莹在片中挥汗如雨地训练，在拳台上快速地出拳，表情用力到狰狞的时候，我突然觉得贾玲好美。角色外表的前后变化在电影中并不鲜见，但多数是演员配合特效化妆的表演，贾玲是实打实来真的，她不仅为了角色减重增肌，更让自己从身到心都成为乐莹，她的眼神和拳头都充满了力量感。她又在电影里交出了100%的自己，这份心意，我感受到了。在这部电影里，拳击不是主题，减重不是主题，主题是一个善良普通人在生活中失意许久之后，迫切地想赢一次的心情。我甚至羡慕乐莹，她找到了她的赛场，为了站在台上堂堂正正地打一场，她有了改变自己的动力，重拾对生活的热情，而现实中我们大多数人都不知道该向哪里挥出这一拳。,5stars
成功的明星电影而非电影，从热搜词条上也可见一斑。总的来说是贾玲个人魅力大于剧作本身。前半段讲女主受到现实打击的时候充满各种经典性别刻板印象的小品，不懂为什么要刻画一堆女学员围着男教练尖叫，不懂为什么要搞什么姐妹阋墙，明明有更妥当的叙述方式但好像编剧习以为常用最偷懒的笑料作为剧情推动，我作为观众感到非常不适。但不可以否认的是看到后半段贾玲脱胎换骨动作敏捷出现在格斗场的时候，还是非常感动，结尾也没有狗血地走向瘦身成功就谈恋爱，而是和曾经的心上人之间来了个人生境遇的对换和比较，然后沉浸在自己的世界，在黑夜中一拳一步地走向未来。万幸万幸，女性个人奋斗的主题还是立住了。,3stars
确实很好！赢一次不是减肥成功，不是嫁个好人，甚至不是赢一场比赛，而是赢得自己的热辣滚烫。好喜欢上楼梯那段定点全景长镜头，风雨飘摇，而她却在微弱的灯光下向上走。,5stars
贝尔减肥几十斤全网舔敬业，贾玲减了一百斤，都在嘲讽她只会减肥，还得反弹，肌肉是特效。不是很理解哈。这些评论好笑程度确实很适合春节档，哈哈,5stars
……滥俗闺蜜梗，孩子不是自己的梗，姐们你真的……,3stars
这才是真正的爱自己。一个女人并不需要一定有一个归宿，也不是一定要改变她的性格，当她的生活有了可以坚定的事情，她有梦想，有追求的时候，就已经赢了。我真的很喜欢导演。,5stars
整部片子最可圈可点的是最后的拳击赛，滥用剪辑+起死回生+音乐铺满是国产鸡汤片的通病，但贾玲没有，拳是一拳一拳打到身上的，无论你跨过山河湖海，春夏秋冬，世界没有改变，只有你改变了，业余拳击手如果处女秀就战胜职业拳击手，这么拍是电影在造梦，而失败才是普通人咸咸的人生。,4stars
"如果按照女性主义的严格标准来看，国产片还有很长的路要走，但是女导演实在是很有个人魅力，我觉得能打到五星的最主要原因是她能拍出女性触底反弹的那股劲儿来，这种精气神是女性主义最核心的东西，是有灵魂的。从这个层面来说本片已经在你好李焕英之后很大很大地走出一步了。有力量，能鼓舞人，倒台之后的闪回有艺术性，每个主要女性都有丰富的故事线和个性，能拍出商业片的女导演太少了，支持一下。然后单论剧情，本片就是很工整的剧情片，缺点是前摇太长了有点无聊，然后那条爱情线比较工具哈哈哈。非常喜欢倒地闪回，还有那扇被风吹开的窗户，导演身上的喜剧特质甚至消解了跳窗的严肃，处理得很高级。",5stars
年度最佳健身广告。翻拍+套路，但谁在大银幕上看不羡慕贾玲的肌肉？之前觉得拿贾玲减100斤当噱头没意思，看完给我大宣特宣！内娱一帮白幼瘦里，贾玲这个肌肉和减下来的大气坚毅脸廓👍朗朗乾坤遍地贱人都是砂皮，为爱情为亲情都不如唯有爱自己，为自己搏一把。,5stars
"没有过度歌颂苦难，也没有刻意渲染结果。打不赢就是打不赢，“看心情吧”就是整个故事最好的结局。
拳击场上我脑海里无数次闪回你好李焕英的片段。真的，贾玲最大的必杀技是真诚！😭
我们需要女性导演。玲姐！我永远的姐！太蒂了！ ",5stars
春节档比起花钱看男导yy还不如看女导拍打拳，没有好看到拍案叫绝，但事后想想，起码在电影院里的两个来小时里都是安全的，不用担心猝不及防被喂一口屎哈！,3stars
第二次被贾玲诈骗到，很无聊俗套的剧情偏要被人吹成励志，这种类型的片子太多了，但是一直要拿减肥 励志这个点来硬塞给还没去看过的观众，我只能说劝退一个是一个。,1stars
故事逻辑在哪？被拳击教练睡了就去打拳？,1stars
很差的质量，很恶的宣发，很高的票房！,1stars
贾玲是个狠人，电影真的难评,3stars
比起《百元之恋》面对的是操蛋的生活，这里人物执拗于一个关于并不强大的自我的念想的样子，有种奇妙的、惹人怜惜的拧巴。这种脆弱在拳场的击打不倒中成了最坚硬的东西。喜剧部分很自然,暂无评价
讨好型人格离自尊自爱只差一次顿悟,4stars
美丽和被爱不是解药。,4stars
没有不爱吃苹果，是不爱吃牛蛙，什么时候吃，看心情吧。,5stars
喜欢女性导演视角下的女性角色，大姨妈是可以直接拿出来说的，拒绝月经羞耻。女性出轨离婚当小三，没有扇耳光谩骂挨打讽刺羞辱骂街。电视机后台没关掉的麦，去闺蜜和前男友的婚礼当伴娘，预支工资换取健身教练比赛资格。她像一个局外人，被操控和利用，最后又被丢弃。在最绝望的时候，手掌握紧成拳头，砸向了恶心令人呕吐、喜欢揩油的烧烤店老板，砸向了不公和愤怒，砸向委屈和失败。跌入谷底的时候就是迎接黎明的时刻，最后的减肥健身视频被剪辑成两个春夏秋冬，但是我知道背后的艰辛和付出肯定不止如此，汗水湿透的不是衣服，是灌溉心灵的甘泉。在乐莹的肌肉上看到的不是炫耀，而且美，是一种身体由我的美，是付出之后得到了回报的美。她能打完，她一定能打完，场上宣布的结果是失败，但对乐莹来说，是一场想赢的成功。过去和现在的镜中对视，万分感动,5stars
《热辣滚烫》作为贾玲导演的第二部电影，在导演技巧和视听语言上还有成长空间，但已经大幅超越了《你好李焕英》。而贾玲的真诚是这部电影最难能可贵的特点，因为进入到自己的世界然后真诚地去和观众沟通的能力，是一个好导演好演员最难得可贵的素质。这不是一部拳击电影，也不是一部讲减肥的电影，这是贾玲把自己活成了「杜乐莹」，把自己变成了这部电影最大的「奇观」，身体力行地告诉观众，「要爱自己」。观众也接收到了这个真实生活中的奇观，并用热辣滚烫的市场回报了这种赤诚。,4stars
其实单从电影来说，可能到不了5星的程度。可是我就是想给女性导演以支持，没有男性的审视，没有刻板的印象，只有女性可以说出女性内心的声音。这不是一部关于减肥的电影，这是一部关于成长的电影。,5stars
"厉害啊贾玲老师，比李焕英的时候厉害太多了
滚烫热辣 ⭐⭐⭐⭐⭐
虽然确实是翻拍，但是太棒啦！没有主要讲打拳！完成的很好！
综艺那一趴太土了，但是瑕不掩瑜！
大家都演的很好，贾玲瘦下来真的挺震撼的，电影本身就是娱乐品，用瘦下来当噱头一点问题都没有，更何况她这个效果给电影院里大爷大妈激动的嗷呜嗷呜的，
有一个挺禁得起琢磨的表达，就是当这个人成为了为他人着想的人的时候，她就已经是一个狠人，一个婆罗门了，她最后反倒是被社会改造成了一个被人接受的“好看”的人，在她瘦下来的那一刻她就已经成功了，但这种成功或许是一种反修行，居然可以看做是失败的，这个点真挺厉害的",5stars
仗义每多屠狗辈，谁能想到最后支持她并给予实际帮助的人反而是拳击馆的人呢,4stars
过于失望，豆瓣7.9分这种水平…1.有些笑点拍得太刻意，让人尬。2.贾玲从始至终说话都有气无力，听着很别扭，只是虚弱。3.最主要是剧情发展突兀不自然，和男主见两面就酒后睡一起了，然后男主就输掉比赛去搬砖…女主突然就去减肥练拳。虽然最后补叙了如何众叛亲离准备自我了断的挫折。但没在镜头语言和演绎中展现出来。,2stars
"这不是一个减肥故事。这是人生跌到谷底后的呐喊，是绝境中开出的花，是生的意志，是讨好型人格的成长，是womanpower…唯独不是一个简简单单的减肥故事。",5stars
本来想打四星，看到恶意低分的我也是醉了，满星！fuck！,5stars
本来，电影剧情的话，因为看过日本的原版，所以觉得虽然本电影有在地化，但也没有新鲜感了。那么最大亮点肯定是贾玲，贾玲演得一般，说话感觉太气弱，这对于经常看王牌的人而言难以适应。之所以给四颗星，最主要还是减肥成功这件事，不过已经不是减肥了，还有健身房上难度的各种动作，以及出场时显示肌肉的长镜头。我只能说，荧幕内外的贾玲都是个值得尊敬的狠人。,4stars
黄赌毒黑政不能拍，敏感事件不能拍，这也不能拍那么不能拍，可贾玲还是拍出了满满的诚意，可稀罕死我了，《满江红》、《长津湖》……几个大导演你们脸红不？,5stars
讨好型人格的自我救赎，不是非得赢一次而是非得为自己活一次，好喜欢贾玲这种把所有观众当自己朋友的感觉,5stars
任何脱离贾玲本身的故事去夸奖这部电影的成功，都有耍流氓的嫌疑，至少杜乐莹拳赛出场时的泪目，很难不让人联想到贾玲以往在综艺中依靠身材制造的笑点。开头的节奏非常一般，情绪太难进入了，笑点也比较尴尬。中间训练的蒙太奇很燃，但太像拳馆宣传片了，还不如片尾的花絮。值得庆幸的是，杜乐莹没有赢下比赛，赢了电影就垮了，面对雷佳音“差点就赢了”，一句“我已经赢了”的回应正合我意，毕竟，她的对手哪是叫刘红霞啊，那分明叫“生活”。另外，全片最惊艳的就是，《送你一朵小红花》出现的时候，太绝了,4stars
除了女主，所有女性都是反派的独立女性电影……,1stars
属于抖音，属于真人秀，唯独不属于电影院。看完以后很想抱抱贾玲本人，仅此而已。,3stars
让我落泪的不是剧情，是想到现在的小女孩们可以大年初一在大荧幕上看到一个女人狠狠锻炼、秀肌肉、出拳、流血的模样，感谢贾玲,5stars
"3.9 脱胎换骨之时，""卧槽 牛逼""惊叹不停，前期负面情绪不断累积，直至她信仰的世界全面崩塌，绝地反击，那种狠劲儿带来的感官震撼，直接穿透了银幕，这不像在拍戏，太真实了，因为观众太熟悉贾玲的形象，巨大的转变，甚至令人觉得不可思议...故事结构其实比较简单，正如主角诉求""想赢一次""，就这么简单纯粹，笑点也还可以，最后没有合家欢值得一赞，导演能力比较""李焕英""有些许进步，对贾玲对电影的态度有所改观了...(还再说""卖点只是减肥""的...是真没看电影吧...说真的，就是见不得别人更优秀努力...)",4stars
"女性导演视角下的女性故事。那个风雨中独自上楼的剪影片段是我觉得全篇最美的镜头。雨过天晴之后却没有发现身体上的伤口，绝望由此宣泄而出。
女主角最终选择了自己坚持的目标，她只是想赢一次，变瘦只是迈向这个目标的收获之一。非常喜欢“她不是变瘦了，而是变强了”这句解读。我们的女主角找到了自我，她终于赢了一次，赢的是自己。",5stars
给努力真诚的贾玲5星，但是电影只能3星了。,3stars
玲儿从梨涡幽默甜大姐变成了三头肌野心家，真好。不仅要赢，还想用自己的方式赢。,5stars
"承认吧。贾玲真的就是吃这碗饭的
不光是努力 还有天赋
李焕英的时候我真觉得小打小闹 这一次翻拍百元之恋居然丝毫不慌
真心佩服 那些一直吹安藤樱的 就去继续捧百元吧 承认贾玲优秀不丢脸",5stars
重点其实不在减肥 ，而是性格上的重建。“对别人都挺好的，但是总是受伤”，练拳击也是击碎无底线讨好别人的自己，不要把两个苹果都给出去，这就是人性。,4stars
相较于品质，本片的意义要更加重大一些。这是春节档唯一的大女主戏，并展示了绝地求生的女性魅力。贾玲在形体上的脱胎换骨也极具冲击力。不过若是对比《百元之恋》中的安藤樱，贾玲的面部形象和眼神戏都要弱不少，严格评价甚至可以说是“有形无神”。影片中也充斥了太多闪回，显得臃肿。但，《热辣滚烫》依然值得赞美，因为贾玲作品最大的亮点是勇敢与真诚，她愿意付出太多代价减肥100斤，也敢于运用长镜头来拍残酷的拳击对垒过程。同时，也做出了女性觉醒的成长线。,3stars
贾玲很棒，但安藤樱伟大。用真诚和肉身的努力，向演技之神挥出了一记左拳，也算是一种赢吧。,3stars
电影节奏特别好，我本来都觉得应该是一般的，看完觉得真好，贾玲站在拳击台上的时候就觉得她已经赢了。最后那场拳赛打得好真实啊，看的时候甚至想是不是真打啊。片子很好，着眼小人物，又不是一般意义上的爽片。她上楼那一段配着音乐，我甚至看到了电影拿奖的希望，最后被风吹开的窗户，我还在想，是不是打开另一边的窗户了。后面的一个个回放画面，是讨好型人格的写照。哪有那么多好人，哪有那么多奇迹，真实的世界真的很残忍。直面自己，勇敢努力过了，你就已经赢了。在这个男性统治的导演行业，希望多一些女性导演视角，这个世界本就应该有不同的声音。电影很值得一看，给五星。,5stars
贾玲的努力值得敬佩，但不可否认的是这完全就像小县城里针对女性客户的健身房办卡宣传片，贾玲就是他们的典型案例。贾玲身边的女性要不出轨要不离婚要不为了升职缺心眼，唯独贾玲通过健身房的训练不断地提升自己，从而达到更高的境界。非常模版化的主旋律鸡汤，在他人目光的规训下，个体为了生存不得不改变生活方式，在大量的“想赢一次”的口号之下，由于太过暴露目的反而让真实的内心想法被隐藏，同类型的《百元之恋》《惠子，凝视》才更像是苦苦挣扎的人应该有的状态。贾玲的表演也很怪，前期一直像没有睡醒的样子，她这个角色虽然懒但并不代表她不会拥有情绪表达的能力。贾玲的粉丝可能会比较有感触，毕竟她经常拿自己的“胖”当笑点娱乐大众，这次减肥有种让她整段演艺路线再次改道的可能性。但必须得夸的是，贾玲把小县城的烟火气捕捉得很精确。,2stars
很佩服贾玲，不管是李焕英还是这一部，你都感觉到这是她自己想拍的，这是她自己人生中的问题。她给的答案或许鸡汤，用的方式或许笨拙，但很真诚，是可以感知到的真诚。,4stars
"原版《百元之恋》虽然经典，但其实拍的非常克制，内敛。并没有《热辣滚烫》这么极致的痛感和快感。

《热辣滚烫》的痛，一定程度上接近《玛丽与马克思》，或者《被嫌弃的松子的一生》，虽然用喜剧的方式呈现，但那些来自四面八方的，中国式的琐碎的恶意，懂人都懂。

《热辣滚烫》的绝地反击，也因为贾玲燃烧自己的生命，而显得比原版有更极致的快感，她甚至都还没开始打，只是走出来与过去的自己对望，我就开始哭了，

已经没有办法用拍的好或者不好来简单的形容这部电影，减肥是看点，但绝不是这部影片唯一的意义。这部电影是送给每一位被生活pua 的人的礼物，记住you only live once，别委屈自己，认真活一生，yolo！！",5stars
前半段各种小品套路且显得拖沓，bgm煽情太用力。雨夜之窗帘焦躁包袱抖得好，之后节奏就好起来。乐莹要赢，此事与昊坤无关，这值得加一星。贾玲花十一个月魔鬼训练放了大招，雷佳音你不惭愧吗？,4stars
能不能不要让雷佳音在大银幕上撒尿了？撒娇，撒泼都可以，撒尿不行 ,4stars
春节档女观众唯一的选择,5stars
拿减肥瘦身当作噱头和宣发，把营销的精力一半放在剧本上，也不至于改编别人的。即使不说营销不说改编，就只说影片本身，不管看之前，看的过程中，还是看之后，你只会记得她是贾玲，也只知道她是贾玲。如果不是营销说玲=乐莹，你都忘了这个影片角色是谁了。。。,1stars
女性的极致意淫,1stars
很燃、很感动、很敬佩贾玲，但是从电影的角度来说艺术性不高。,4stars
那些刷一星差评的都是根本没看过电影的无脑黑子，实际在电影院看完出来就没有说不好看的，都说很励志，大家放心冲！,5stars
好无聊好自我感动的一个故事 但贾玲好了不起,3stars
"“好疼，怎么一点伤也没有”（这句话说出来，全场都在笑只有我在哭，真的好难过，明明被欺骗被利用被羞辱，已经遍体鳞伤，好疼好痛为什么没有伤）
“你只活一次，对吗？”（必须赢一次）
“我会把两个苹果都给朋友”（以前的乐莹什么都会为他人着想）
“看心情”（现在的乐莹想为自己而活）

前30多年都在为别人着想的乐莹，在 痛到极致面对死亡之后，她想为自己而活。",5stars
贾玲很励志，从电影角度来说还很稚嫩，相比同期的二十条能把三条故事线穿梭流畅的叙事能力，热辣滚烫里的单线故事就比较单薄（后半部分用音乐配贾玲打拳画面占用了大量时间，叙事就更弱了)。从人物塑造来看，转型的弧光动机不足，前半部分偶然进了拳馆主要因为恋爱，没看出拳击本身有什么魅力吸引了她，那后来受挫奋起为啥是想打拳击比赛呢？为什么不是其他事，比如努力工作搞钱？人物动机很薄弱，如果不是靠后面励志镜头和音乐来撑，会暴露的更明显。片子立意不错，贾玲也的确很努力，希望在技法方面再多多努力。,3stars
热辣滚烫是贾玲给了一个鲁迅关于娜拉出走之问的回答，而这个答案，恰恰符合恩格斯的解决方案。贾玲这个演的，自己妹妹是小三，自己闺蜜是小三，其实就是在嘲讽那些认为婚姻是解决人生一切命题的想法。女性竞雌，要争夺长期饭票，所以闺蜜要抢贾玲男朋友。女性竞雌，要获得多张饭票，所以要出轨生别人的孩子。而贾玲不想竞雌，所以要积极参与社会活动 ，这符合恩格斯理论，找工作显然不能满足女性诉求，因为工作也是被人剥削，家庭也是被人剥削婚姻也是被人剥削，那只有打拳，做自己喜欢的事才是实现人生价值。所以贾玲的答案是，走出家庭之后，女性要奋斗，而且不能按资本社会的逻辑奋斗。这事儿暗合恩格斯的女性解放理论逻辑。,5stars
喜欢乐莹和爸爸对话的那段，两个苹果，都给朋友，因为没有朋友，忍不住哭了，永远对朋友真诚永远被刺，难过??,5stars
热评说贾玲爱抄的脑残叼子懂不懂什么叫买版权翻拍？？？？？？？？？？？ 这么多点赞的都没常识？？？？？？？？？？不会吧？？？？？？？？？？ 怎么和一群智障用一个App？？？？？？？？？？太晦气了？？？？？？？？？？,5stars
挺好看的 就是感觉差点什么,4stars
豆瓣没救了.,2stars
非要说叙事节奏人物塑造逻辑铺垫有没有问题，那就说不完了，很多戏想的挺好，拍得不到位，所以这是个电影吗，不是，但是vlog也能看，主要是贾玲减完之后的表演气质和角色的不甘心心理巧妙地同步了，这一部分让片子有一些情绪共鸣的魅力。我觉得还是挺好的，毕竟国产电影告别文本意义追求社会话题价值才是大卖法门，杜乐莹赢不赢真的不重要，贾玲先赢了也行。,3stars
当她以减肥作为唯一宣传点的时候我就知道有问题了，和原版相差远甚。。。,1stars
三星半。如果没有原版，我会给四星，给贾玲笨拙到刀刀见血的真诚，给竟然真敢坚持没有让乐莹打赢比赛的气魄，给最后那个看得我心惊肉跳只骂贾玲太傻的拳台长镜头。如果非要挑刺，我只能说我更喜欢原版从头到尾无可救药的丧，而贾玲的底色还是太过励志和明媚。,3stars
很差…一个减肥vlog，没必要花钱看。也不算“电影”,1stars
一夜风雨，刮开窗户，乐莹从窗台纵身一跃，周围人笑得超大声，我默默哭到止不住。一个对生活充满绝望的人，一次次选择付出真心，但又一次次被痛击到遍体鳞伤。乐莹是胆怯的，但她更是无所畏惧的，连死都不怕的人，还怕什么？走向拳击台的短短那段路，贾玲陪着乐莹一起，走过了四季。那个大拇指的意思像是在说，人只活一次，但你活了两次。过去的我已经死了，从现在起，你要带着我的那一份，好好努力活下去。不敢想象幕后纪录片会有多好哭，贾玲是真的把自己的身体当作了情感的容器，她在里面融入了最质朴的情感，也感染了所有人。,4stars
拿贾玲拍这个电影的经历拍一个电影可能能有八分,3stars
贾玲好棒，比上一部进步大，节奏好，情绪浓郁却不轻佻，颓废过重新站起来的人都会懂她想表达的那股劲儿，很有个人风格，贾导。睡眠、饮食、运动是幸福感的基础，现代人傲慢，总觉得自己满足了基本生理需求开始追求精神需求，其实现代人虽然物质充盈但实际上生活方式失控自我剥削，吃外卖、熬夜、久坐都是卯足了劲儿自残，重新找寻自我的过程往往必定伴随基础三柱（睡眠、饮食、运动）。同样是减肥，高晓松从Twitter蹦跶到微博；同样是导演，贾玲赢过韩寒+高晓松，贾导人真的先导自己，再导演，肃然起敬。委婉处有周星驰的感觉，是品尝过心酸的。,5stars
"两个苹果都给朋友，他们觉得你不喜欢吃苹果；看心情吧，朋友们反而会跟你分享苹果。

我最喜欢的可能还是“坤教”那一段。
何坤教练是真的会成为你的辅助者，但需要你自己觉悟才能让他送你上赛场；

昊坤是个认为梦想不能被生活玷污，最后反而在生活里堕落的人，他工作没业绩，梦想一拳倒，甚至连挣扎爬起都不愿意，这种两不沾的人，真的可怜又活该。
当你教练的时候以训练自己为主，占尽了你的好确认为是你自愿的，最绝的是，他的好都是别人制造的巧合，他并不是个好人。
但是没有他，或者说他的故事，乐莹也不会找到应该“赢一次”的觉悟，不会遇到专业的“坤教”。
沙溢的角色也很有意思，你以为他是个坏人，但他愿意让乐莹赊账，会帮乐莹报名，真正有决心的人，他能看出来。
",5stars
贾玲是个很笨的人，不管《你好，李焕英》还是这次，都几乎是把自己摊开，在砧板上先折磨过一遍自己之后再呈现到镜头前、大银幕上。也许单从电影本身来讲，它算不上好，不过她慢慢地、钝钝地，很打动人。,4stars
谢谢贾玲，告诉我们女人可以做任何事。最喜欢结尾她在昏暗的巷道独自打拳、奔跑的背影。打起来吧，跑起来吧，亲情，友谊，爱情，都不是我们最终的归宿。,5stars
电影能看下去，但是人物转折至拳击有点过于生硬，剧情也解释不了主角如何在脱产的情况下毫无经济负担专职练习拳击，感觉逻辑上不能自洽。,3stars
看哭了，结尾比看李焕英的时候更打动我。可能因为一个是歌颂奉献，而一个是打破自我。贾玲做导演没有太多技巧，每次拍电影都是拍自己，每次都笨拙的生扯着把自己揉碎了、打破了，重塑自己给观众看，而打动我的恰恰就是这份真诚。（前面其实有许多不足的，但给了五星，致敬春节档唯一的女导演。）,5stars
贾玲走出来的那一幕就是英雄,5stars
谢谢有人肯拍出躺在泥水里一晚天亮了泪也没干，大哭大叫都关在房间里，泪和泥还得自己洗。洗完出门找件小事开始做、从一个小点开始撬，人就这么活过来了。银幕上出现三十岁普通女人在普通活着的样子，很好。,5stars
如果换几年前的我，我一定会说这是烂片，但是现在我会觉得拍这部片不容易，因为观众都笑了，哭了，感动了。不论好坏，这起码是一部真诚的不煽情的电影，其实电影的核心很简单，当这个世界上所有人都对你坏，是你自己的原因还是别人的原因，你是选择改变自己还是别人，贾玲想表达的就是想好好爱自己，为自己的内心赢一次，就够了。,4stars
贾玲又一次超越了陈思诚，上次是春节档票房，这次的改编能力。#3.5,4stars
为贾玲鼓掌，但不鼓励这种电影。,3stars
这种片子能给八分，服了,2stars
李焕英的虚假成功给了贾玲太多自信，太过注重噱头，不见丝毫用心，被阿尔米汗爆得体无完肤。当你回归喜剧，又该用什么人设面对观众?,1stars
不是一部好电影，但是一部好真的电影。相信很多女孩儿，都能从里面看到或多或少或大或小的自己。,4stars
别天天靠营销赚钱了，挣差不多得了,1stars
《热辣》之于贾玲，差不多等于《超能》之于沈腾，我还是回家刷手机吧。主创到底有没有真实得生活过？胖女孩、开健身房的、搞竞技体育的、谈恋爱的、当姐姐的、当闺蜜的、当远房表妹的、开餐馆的，全都被侮辱了一遍，街边撒尿和床戏有什么必要吗？改编抄作业都不会，拼凑的人设要么是单薄的工具人，要么前后转变突兀，每个人物都很不真实很讨人厌很难代入，就凭减肥成功这个视觉效果强行去圆一个不知道算抑郁还是算吭老族废柴的故事，情节就是一些无聊的烂梗小品拼贴，节奏也很不好，前奏冗长，拳击的高潮被减肥成功对自己长镜头满意笑容消解，拳击的部分非常不专业完全去掉也不影响全片的程度。最没说服力的是，贾玲的身材从来不是她成功路上的障碍，却演一个气若游丝被嫌弃的胖子，减肥的成功靠的是专业的健身教练却在影片里讽刺健身房私教都是出卖色相,1stars
"事实证明李焕英的成功并不是偶然巧合运气，不管放到什么范围，不管加不加限定词，贾玲就是一个优秀的电影从业者。
今年春节档每一部都号称笑中带泪，只有这部是让我笑得最开心，也哭得最难受的。这不是一部所谓的爽片，练拳击、逆袭、减肥不是为了打谁的脸，不是为了报仇，不是为了“我要让他们后悔”，就真的只是为了自己。
看之前我还被带过节奏，到处有人说贾玲吃女权红利啊，说里面女角色都特别恶毒啊，说剧情里乐莹减肥都是为了男人啊……现在我自己看完了，我有资格说了：
男导演就是比不过其他导演，没办法。",5stars
假大空强煽情，剧情发展牵强突兀没有基本逻辑，人物塑造单薄。我知道导演是想借减肥表达全力拼搏向上的精神，但你这是电影不是靠喊口号，导演的表述力剧情的紧凑和人物塑造至关重要，更别提艺术价值，以前的商业片即使冲着赚钱也有很强的观赏价值，这部除了减肥没有其他印象，减肥增肥等等对于演员来说难道不是正常工作的一部分吗？结果成了富人的”拼搏““难能可贵”，上层人对下层人的意淫。营销确实是教科书级别，专门针对部分人群赚大钱，建议以后的电影都照着这个教科书营销。幸好我早有心理准备没花钱看的。最后说一句，我怀疑贾玲加入了光明会，（只是怀疑），因为有她举起眼睛的照片,2stars
本以为噱头是“减肥”或“拳击”，没想到内核却是“找寻真我”。上一部电影缅怀母亲、破除执念，这一部电影突破自我、焕发新生。一年减重百斤的时间可以选择再拍一部普通喜剧，但贾玲选择了一条最难的路，真诚用心的电影总能更打动观众。,5stars
这不好啥好啊！！贾玲真好！她拍什么我都想看！真诚！,5stars
四星 知道是励志片 但是贾玲春夏秋冬直到上赛场那一身肌肉+低体脂出场 我真的 哭死 健身的人知道那得有多难 ｜借用豆友一句话 就爱看女的变强 男的破防 给傻逼一星喷子再送一颗 五星给导演贾玲,5stars
要减肥，顺道拍了个电影。而不是为了拍电影去减肥。（感觉会被喷）而且看完了很多的逻辑不通顺，女主在家啃老十年为啥啊？第一个男友把她绿了她不减肥，雷佳音把她甩了就刺激到了吗？还是表妹的欺骗刺激到的？都已经躺平十年的人了，十年来就受到这两次刺激？还有电影名和剧情有啥关系吗？,1stars
这电影如果拿到50亿是打了多少认真做电影电影人的脸,1stars
这部电影远超我期待，电影内外都无比佩服贾玲，贾玲实在太牛逼了。在开始真正练习打拳前有点冗长了，但此后影片的每一分钟我都很喜欢，喜欢到我可以忍受影院前排观众多次长时间看电影时外放声音。/那些在电影外骂着贾玲营销自己减肥的人，电影里不是给答案了吗？都说了不是减肥，是练习拳击，参加比赛，想赢一次，最后赢了。/对于那些即使看了电影也不相信贾玲是真的增重又减，最后练到电影呈现出的健康又美丽的身体，而轻易说一句肯定是技术手段的大聪明，我想说脑子不够用就先闭嘴吧。/一直以来我最大的追求就是可以在大多数场景轻易说出“我有钱”，以后“看心情”也是。/张小斐的演技实在好呀，市井小民、刻薄、自私、浅薄也有点精明鸡贼的妹妹演得活灵活现。,5stars
超出预期……无论如何，中国电影需要女性视角，很喜欢这部最后没有落在“恋”的点上，而是“热辣滚烫”的“自己的”人生,4stars
结尾的失败是最好的安排，看着女主输了比赛，拒绝了前任，蹦蹦跳跳地独自回家，这组镜头特别动人,5stars
"在家白吃白喝十年甚至连家务都不愿意做一下的人，不配叫做讨好型人格
一个男人喝再多酒也不会上一辆坦克
打拳解决不了你工作不如意的事实
人物的行为逻辑完全混乱，剧情各种槽点，综上一星",1stars
俗话说台上一分钟台下十年功，一般的电影拍台上的光鲜，这部电影却拍的是台下的努力，倒也算比较新颖的视角。但我不认为台下的十年功值得被大肆吹捧，甚至于掩盖了台上一分钟的平庸，因为任何优秀的一分钟都是由数倍看不见的十年组成，只不过大部分人都会把这十年功留在戏外。当然有人会反驳称贾玲代表着普通人的执着，但事实是影片却没有赋予她普通人应有的现实阻力，仿佛一旦开始了逐梦之旅，就会一路顺风顺水。更进一步，如果说拳击片的全部要义在于拳手为了成为更好的自己而努力，并与过去的自己告别，那么“赢一次”就是完全私人化的理想主义宣言。可恰恰相反，影片却表现出极度普遍的现实主义规律，贾玲的坚持与拼搏赢得了所有人的尊重，可是没有人意识到她在肥胖的时候就应该受到善意，而不是“赢”了之后。她从自为的存在无形中变成了为他的存在,2stars
如果看完一部电影，能让内心产生一些美好的念头，更爱自己一点，那它就是一部好电影。,5stars
很值得一看，笑点够多但没有低俗笑点，女性看了不会觉得不适，里面的女角色都是有好有坏的立体人物。贾玲的作品永远够真诚，喜欢她这样的女导演，比起李焕英也有了明显进步，希望她越来越好。带爸妈一起去看，他们也都很喜欢。,5stars
"《热辣滚烫》不是传统意义上的鸡血片，赢了一拳不存在任何功利的意义，整场比赛过程可以用悲壮来形容。但是作为女性，我感觉到了自由和痛快。30岁的女性总是会被婚恋和生育焦虑困住，但是导演绕开了这个陷阱，让女主拥抱了肆意畅快的人生。

新的一年，希望大家都可以畅快自由的活着！",5stars
退钱！谁要花钱看你的减肥vlog,2stars
很奇怪，只想赢一次以后，她的状态仍然是丧的。,3stars
我们需要更多的女导演，更多的女性视角，即使对有些人来说，还不够女权，但是先从无到有，总是好的。,5stars
看到了吗？中国电影的未来就是翻拍。质疑思诚，理解思诚，成为思诚！不是原创做不起，而是翻拍更有性价比！只要点选的好，缝合怪也能发顶刊！[C+],3stars
如果贾玲前期能够把“有两个苹果全都给别人”的喜欢堆笑，善于隐藏自己情绪，的讨好型人格通过演技演出来，而不只是扮演一个“丧”的人。这部电影分数会更高点。,3stars
看到评论那么多男的破防了就必须给5星了😊,5stars
电影四分，但是后续的破防表演简直值一百分。依然是之前对玲儿的印象：她是个聪明且知道自己的力量该用在哪里的人。故事本身有很多试探和妥协的地方，但是它的内核依然宝贵。而且她应该也知道，只有她能有这种票房号召力，让大家走进电影院来看这一场并不喜剧的贺岁片，只为了看一个女孩怎么靠着自己站起来。甚至会有种她积累这么多年的观众缘，都只等待这一刻爆发的错觉。走出电影院听到旁边的妈妈跟女儿说：“要向贾玲学习。”那一刻的感受只有——她赢了，她值得。这个世界，总归是在变好。剩下的，慢慢来吧。,5stars
认真的？😅这分数刷nm呢,1stars
没笑点，没泪点，没亮点，节奏稀烂，毫无逻辑的自我感动，劣币驱逐良币的典型代表。,1stars
很早就看过原版《百元之恋》，本以为这次又是颇具国情的汉化版，没想到内核完全不同。戏里的乐莹和戏外的贾玲形成了一种互文，只有女性才能真正了解女性的困境与觉醒。《热辣滚烫》虽然无意“打拳”，但个人觉得它能形成的震动早已超过了去年不痛不痒的《芭比》,4stars
后半段贾玲的亮相太震撼，身边的观众都在惊叹。瘦下来以后蜕变的不仅是身型，更是整个人的精气神，是抛弃了唯唯诺诺与习惯性讨好，开始为自己的人生负责的姿态。“整个过程只要你问心无愧，只要你拼尽全力，我觉得就已经是赢了。”各种程度上，贾玲都赢了。,4stars
我何德何能，在电影院看雷佳音的床戏。我的眼睛瞎了。,2stars
当一部电影你打开之后看到高赞评价全部是关于性别问题以及主演减肥的营销问题，而不是关于剧情关于电影本身时，你就知道电影质量怎么样了，确实没什么可说的,2stars
"我真的没想到我会说出这句话，但是贾玲真的不比安藤樱差。
不知道很多喜剧演员，尤其是女喜剧演员有没有意识到，在中国的喜剧环境里，她们很多时候并不是作为表演者存在的，而只是充当着笑话本身。
我们实在太喜欢看别人自黑自嘲自轻自贱做傻事闹笑话了，而像曾经的贾玲这样外貌不符合主流审美的女演员，是这种风格的完美受害者。
于是这次她不承担任何搞笑的功用。
她在所有人丑恶地嬉笑时独自木讷着，像片头走过街边旁观着沿途发生的一个个笑话，我疑心这些年表演时她内心是否也是如此疏离的姿态。
和李焕英中的大开大合，歇斯底里的哭泣相比，我没想到她能够走到一个完全相反的表演状态。痛苦的浓度烈度却丝毫不减，拳击的训练和比赛中依然有种自残式的爆发力。
其他问题，诸如过满的配乐，以及原作本来就蛮平庸的故事，一如既往地瑕不掩瑜。",4stars
"内娱不知从何开始，掀起一股浮躁商业电影风--前几年这类电影是粗暴圈钱即可，这几年学精了些，会暗地里用一些拙劣的翻拍技巧和营销手段。
你和他谈艺术，他和你说减肥；你和他谈立意，他：减肥真棒👏🏻，小人物！做自己！女性主义！
最后俺想说 ，女性主义又被“祸害”，女性：我真的谢谢！
豆瓣评分，这部电影你认真的吗",2stars
前半部分看得很不适，惊觉贾玲在拍的就是一个不断吃女人、吃弱者的社会，她作为一个内向、讨好型人格女性，因为善良不断被周围的人剥削，而我不适的就是这些剥削，是善良的弱者不会得到妥善的对待。太爱最后贾玲坚定的眼神，她依然话不多、依然不被理解，但这次她独自前行，唯一对她说出“辛苦了”的是拳击对手在拥抱她时，两个女性因为拳击抱在一起时哭得不行，看到了坚韧的女性力量，让贾玲赢、让姐赢，赢给这个吃女人的社会看。,5stars
电影之内肉眼可见的烂，懂得都懂；电影之外贾玲很励志，懂得装不懂。片子的割裂感在于起承转合，只有起合，承转丢失。如果将片名改成《穆赫兰道之想赢一次》来理解贾玲就是五星水准——跳楼的贾玲已经死了，后半段减肥是她弥留之际的现实元素的颅内重构，想象中她释怀了一切其实字没签，没有减肥一百斤，没原谅杨紫，姐妹没有和好，愿意跟教练和好，拳击赛根本不存在，因为梦是反的，最后一场戏穿婚纱的贾玲的照片慢慢缩小成一张遗像，所有伤害过她的人都在祭拜她，反讽现实就此升华主题。另，彩蛋反复播放打到专业运动员一拳，实在有点恶心了，怎么打到的心里没点数？,1stars
比預期好很多，我太愛《百元之戀》了，而《熱辣滾燙》至少不讓我討厭。沒有丟掉原版最重要的內核，努力的過程比結果重要，贏過自己也是贏了一次，而本土化改編又找到了小鎮青年的切入點，生活以痛吻我，我就算要倒下也先揮拳反擊，容易讓人有感同身受，並且沒有為了迎合春節檔而包餃子。相較原版，改編過後還是太安全了一些，前後被涇渭分明成兩部分，找到目標反擊生活應該是一個過程，外形的變化被單拎出來用蒙太奇，而沒有融入到敘事中逐漸呈現，也是挺可惜的。賈玲作為導演進步明顯，不再是小品化的表達了，場面調度與情緒處理都有了可圈可點之處，但是表演部分則不夠，減重的毅力是讓人敬佩，可是哪怕不和安藤櫻比演技，也難有拋開減重單拎出來某場戲值得誇表演。,3stars
《百元之恋》里安藤樱被KO之后，回忆镜头加上爬起来有1分钟左右；而在《热辣滚烫》里，塞下了一整首《送你一朵小红花》MV。和预想中的一样，原作被翻拍成了一个庸俗的大女主爽文故事，只是爽的比较克制，于是便可美其名曰现实主义，和原作的反成功学理念是背道而驰的。这其中最根本的问题是在原作中，拳击和日常是密切结合的，我们能看到女主日复一日随时随地挥拳，而本片中的蒙太奇则完全割裂了现实，这两部电影的时间压力是完全不一样的，所以贾玲拍出来更像是健身房广告。所有的人物设置都毫无惊喜可言，配乐更是“情绪价值拉满”。重要的不是“努力做自己人生的主人”，而是就算没有那么大的改变，只要坚持做一件事就可以了——只能说当这个剧本被贾玲拿到的时候，改编成这样就注定了。她到底是真诚还是精明？我宁愿相信前者，但我真的不知道。,2stars
两星半。对戏外的贾玲无比崇敬，但是对这部电影本身觉得乏味，也有演员和导演利用自己的经历、光环、标签、呕心沥血等等去完成对剧本的专业创作，可在这部电影上我觉得可惜，李焕英之后，贾玲再一次将电影服务于本人的形象，这个形象不是创作者贾玲，是贾玲is贾玲。张小斐演得真好，这是我看到的她最好的表演之一，没有一秒钟下线，精准，全面，她把角色看得很清楚，所以把复杂的角色演得像湖水一样有清澈的层次。这部电影关于自爱，无论是推向深渊还是推动再站起来的力量都过于外部和戏剧化，导演没有完成对任何一个其他人（服务员、健身教练、电视台实习生）的共情，但故事上又不够奇观。原版那个配得不能再配的父亲可不像现在这般说道理底气凛然，这就是改编上既保留了框架、情节甚至镜头，可是本片并不能做到自洽的一处体现。尽管如此，贾玲真好。,3stars
3.5。演技和剧本结构都不太行，但有很强的关于人的生命力在里头（李焕英也是），贾玲的电影是为数不多能用真诚修饰各种硬性缺陷的电影了，看的时候能直观感受到差的地方，也不妨碍被冲击得落泪，女性导演本身就带着一股女性力量。以及有一处很喜欢的：关于窗户南北通透的伏笔。揭示为什么那夜窗户突然猛地打开的原因时，小小地被伏笔所惊艳了，是剧本里一处很妙的存在。,4stars
电影结束的时候，不希望灯光打开，被一直在说“一点也不好看”的爸爸看到我忍住啜泣的满脸眼泪。很后悔带爸妈来看，爸爸全程大声打哈欠，不停摆弄手机，妈妈中间睡着了。也许只有卑微的我，卑微的大女儿，被以为“不爱吃苹果”的我，才狠狠共情吧。,4stars
"不懂低分是什么操作。抛开减肥这个点，就后面那场拳击赛的几个超级长镜头就够真诚够牛掰了，同时还没有用bgm或其他手法过分煽情或者博同情。

再者，导演根本要讲的也不是减肥，从头至尾一个已经“死”过一次的人只想通过她最后抓到的一件事-拳击比赛，赢一次。减肥只是她想完成这个比赛必须战胜的一部分。

最后贾玲那些健身动作，懂的都懂，难度有多大，要付出多大意志力。

电影剧情是流畅的，内核是稳的，能让你看到极度的真诚，还能给你力量（不管是人物还是演员自身），我没有理由给低分。",5stars
雷佳音的部分又臭又长，练拳打拳部分很好看，以及一些照搬原版的地方有些气质不太协调。,暂无评价
看完了，爆哭！！！简直太好哭了，想起了自己减肥的时候，很容易共情。😭😭不过实在没法打太高分，片子拍的实在太差了，单调空洞到就只有贾玲减肥，里面的人都好恶心，看得人想吐。有些剧情很玛丽苏，很多笑点很低俗，令人生理不适。不过细腻倒是挺细腻，女性导演气质还是很明显的。,3stars
我快90岁的爷爷都知道贾玲瘦了100斤，营销过度了……,1stars
买电影票是一种文化投票行为。我投给我想在主流文化中看到的叙事，投给我想要的未来。,5stars
"就凭这个结局 给满分 
拼命提升自我 最终得到的不是那输赢 是爱上自己挺起脊梁",5stars
本来准备打四星的，但是鉴于开分低于电影本身，决定五星拉一下。虽然确实它是一部依照商业片规则拼出来的命题答卷，但不得不承认它拼凑的好、拼凑的妙、拼凑的满是诚意，不得不为之热泪。情节巧妙，还有callback，并尽显真诚。贾玲真棒啊，足是这些毅力和诚意，都值得被无条件地拥抱，被以笑容鲜花迎接。真诚永远是唯一必杀技,5stars
我非常之厌恶此片营销，也无法跟原版比，因为完全弱化了导致女主真正崛起的那个情节，立意就莫名虚弱了很多，整部电影都有种沉甸甸的笨拙，但我确实有被打动，也很佩服她说到做到，我本身也是大基数减肥过的人，减肥并不能逆天改命，但很多时候，从减肥作为某种重启的开始，也不错,4stars
感觉像是一个讨好型人格的成长之路，所以精神独立真的太重要了。还有就是：贾玲好牛！真的犹如脱胎换骨啊…,4stars
"大年初一看的忘记打分结尾女主拒绝雷佳音之后转身边打拳边跑走的一幕很想给五星莫名回想起贾玲在婚礼上挡住柳岩让她不被扔下水冲这两个瞬间我会永远对贾玲有包容",5stars
好一场讨好型人格的碎裂与强大自我的觉醒。正中眉心，完全不想挑刺儿。对对对，有刺儿，还不少，但我选择不挑。次次都这样，贾玲儿好本事……看到那些昵称是“momo”的人咬牙切齿地写出“当她以减肥作为唯一宣传点的时候我就知道有问题了”这样无理的短评却连个动态都不敢发的时候，只想说：你知道个屁。事实就是，老娘连自己都能赢，你又算老几。看我不爽是吗？忍着。老娘就是要出现，出现，一直出现，赚钱，赚钱，大把赚钱。你好气是吗？炸了吧。,5stars
如果只能从这部电影里看到减肥的人，那智商也就那样了。一个女人，坚韧、行动力强、在全世界对她抱有恶意的时候，她仍然能活下来并蜕变。雷大头的身材意外的好啊，但是这个角色真的太恶心我了，充分佐证了一个女的，如果离开一个男的，会活得多好。,5stars
不知道为什么叫《热辣滚烫》，感觉应该改名叫《贾玲的减肥vlog之顺便拍了部电影》。本来以为是春节档里笑料最满的一部，但笑料不单止稀少还特别干瘪媚俗，人物情感处理得稀里糊涂，我就特别不明白，为什么女主身边的所有人，亲朋好友们，真的就没一个有良心的存在，就这一点，你们觉得合理吗？,2stars
一哭在春夏秋冬乐莹的变化，二哭在走廊出场，和过去的自己碰面以及胸前的“这是李焕英的女儿”，三哭在小红花歌声响起，我什么时候能从容地听这首歌不哭啊。很多女性视角诠释得很好，被饭店老板骚扰，镜头对向施暴者的嘴脸，没在最后强行为乐莹安排一个归宿。我们需要更多女性导演。这部电影不是讲减肥的，也不是讲拳击的，是讲为自己活一次的，不再讨好别人，只愉悦自己。恋爱和友情，都需要双向奔赴，我们无法把控别人不变心、不伤害自己，唯一能把控的就是自己，自己的体重，自己的心情，自己的生活，自己的未来,5stars
没想到一直强忍眼泪的我，却在看到片尾花絮贾玲落泪的时候，一泻千里。此时此刻，杜乐莹和贾玲真正地合二为一。说燃说爆只都是这部电影的表象，这些燃爆的背后是拼尽全力、饱含血泪。内核是一场关于自我、关于人生的旅程。但正因如此，比赛的结果早已不重要，在迈出脚步的那一刻，她就赢了。而现在，我真心希望导演贾玲也酣畅淋漓地赢一次。,4stars
我为啥要看别人的减肥纪录和鸡汤？,1stars
想给0星，但是没有。那么1星是贾玲的辛苦费。,1stars
贾玲不挣钱谁挣？难道给又油又胖前青年潜力男导演原样临摹国际电影节电影拍的二手电影节套路电影挣吗？详见长评。,4stars
电影院里的男人都在哈哈大笑，女孩子默不作声，我哭的稀里哗啦。乐莹赢了，无论哪方面讲，都赢了。勇敢的说出那句“我不爱吃牛蛙”，不做讨好型人格。,5stars
"剧情四星，但是贾玲作为一位在我们国家不可多得的女导演，为这部电影的付出观众也可以看到，很值得给五星
杜乐莹跳楼后说「快点死，死了就不痛了」的时候，我真的眼泪哗啦哗啦的流下来，这句话五天前才对自己说过，嘴里振振有词念着「我真的好累，真的好想死」，可最终还是没有死成，但电影是电影，生活是生活，电影里的主角仿若重生，现实中的我依旧颓废，万分后悔前两天没死成",5stars
"收回我的话，她根本就不是什么女版陈思诚，她就是贾玲自己。在这个男导演们争先恐后拍宏大叙事的大环境下，所谓的宏大叙事早已变成了空洞油腻的自我感动，而聚焦微观的女性视角则显得尤为可贵。在贾玲的镜头下，我们得以看到小人物眼中生活原本的样子。去掉家国大义这层遮羞布，底层女性的故事终于走到了聚光灯下，底层男性被刻意忽略的缺点也尽数暴露出来。对此导演不置可否，事实上她的笑点都只是把社会被粉饰的一面展露出来罢了。我甚至觉得某种程度上它比芭比的女权程度还要高，至少它鼓励女孩们去增肌，而一些全嘻嘻之流的学院派“女权”还在担心孕期老公寂寞怎么办呢。
说回电影，最后张小斐说“打不赢为什么还要打？”面对现实的荒诞，贾玲为我们呈现的是西西弗斯式的决心与努力。这是我们对抗它的方式，也是我们与它和解的答案。
",5stars
比支持一切女性导演更重要的是警惕冠以此名捞钱的意识形态。阵营、立场、思想从来不是简单的靠生理性别而简单判断的,3stars
贾玲导演能力的缺陷在这部电影里暴露无遗，演技水平更是撑不起一个电影大女主。电影作为一种虚假的创作要靠现实里的改变来增加戏剧效果更是让人疑惑。彩蛋是自己减肥的历程让人诧异，这不是电影，这是真人秀。如果我没看过百元之恋还能勉强三星，但贾玲跟安藤樱之间差距实在过大。,2stars
在长期的无视和贬低之下，我们都变成了一个“好人”，不提要求，不吵不闹，没有意见，轻易原谅，永远都是满足别人，而忽视自己内心的声音。本片给了讨好型人格一封珍贵的情书：被尊重，不需要讨好；勇敢地去反抗，就像乐莹一样挥起拳头。,5stars
"    她是把流量捞钱玩明白了，翻拍＋营销，省时省力又赚钱。哦，只有减肥这个点是辛苦的，当然对比她收益这点还是比我们普通人更容易做到。
      把看电影的观众当猴耍还要我们自费。唉，只希望以后这类电影少出吧……",1stars
"今天我们大家之所以欢聚在这里，是为我们的好朋友杜乐莹女士，庆祝她获得拒绝勇气和不顺从力量的崭新人生！ 
我们不单是为了贾玲减肥成功而感动，更是为了一个人，尤其是为一个女性破而后立、重面人生的决心拍手叫好！ ",4stars
二分给贾玲的意志力 别的就不谈了,2stars
电影最棒的地方就是最后杜乐莹学会了拒绝。,4stars
"贾玲是个狠人，送你一朵小红花！
百元之恋的结尾，安藤樱被男人牵着手走了，是一种安慰，这版里乐莹选择自己奔跑起来，更有力量更鼓舞女孩子们！",5stars
贾玲减肥纪录片。励志是真的励志，但剧情弱也是真的弱，多少有点取巧了。,3stars
懂为什么拿减肥当噱头了，因为不好看,1stars
真的不是减肥剧，真的不是减肥剧。 如果你也有觉得老人给你的房子天经地义就是他的，这样的“亲生手足”，如果你也有要用自己的三观规训、控制、压制你人生，但在某些时刻又会塞你人民币的“亲生父母”，如果你恰巧也有过不为周围人认同，只为变成更好自己而成功减肥的经历，期间的受伤、委屈、苦闷、愤怒、无助、骄傲、迷茫、狂喜……一切复杂、幽微的情绪，你才会懂，这，真的不是一部减肥励志剧。戴上拳套，眼神里的所有狠劲，不是对任何敌人，只是对自己不喜欢的那个自己。贾玲的翻拍，比《百元之恋》更胜！故事的结局，女主并没有跟回头的前男友走，而是云淡风轻“看心情”～世间有力的话，从不靠音量，即便小声说出，一样能让世界安静，真正的大女主，也无须镁光包围，而是即便在寻常夜色里，继续自己的步伐，挥拳操练，也能被月光映的神采奕奕。,5stars
"虽然百元之恋是我的观影十佳 而且在之前也质疑能不能毁了安藤樱的原作
但是 
这次的感动是贾玲给的 真的是目前为止我看到的大陆女导演里 最拿观众当自己家人一样的诚恳",5stars
觉得这个电影宣传大于内容，不得不佩服营销做得好，剧情有待商榷，唯一亮点就应该是减肥吧~,3stars
看电影之前我挺讨厌铺天盖地的营销，看完我觉得普通人瘦个10斤都想发朋友圈或小红书，她营销一下又怎么了。喜欢强壮且自由的女性，再快一点，强一点吧。,4stars
说两点。一是我要是有那个金钱和时间，我减肥效果肯定比它好。二是它减肥，观众买单，内容盗版国外，拿减肥当噱头。总结：可耻！,1stars
只说电影，实话很一般。但是贾玲，很牛逼！,4stars
被结局戳中私人喜好，输了比赛却赢了随心所欲的生活，赢得了人生的主动权，成为主体的乐莹可以自由选择爱与被爱，面对昔日伤害过她的种种，宽恕或不原谅都不再取悦于他人，一切看心情,5stars
在贾玲之前，很难有类似的参考对象，把真诚和勇气当作导演水平的衡量标准。大幅减重可以是很好的宣传噱头，但真正难的是做到减重的这个人，怎样表达经历的这个过程，以及你想通过这个过程传达什么？乐莹这个角色，你能找到太多身边人的影子，她的精神世界极度敏感，也正因为趟过外人看不到的坑坑洼洼才更理解善良的珍贵。贾玲就是要通过这样的极度投入，让银幕内外的人都先学会爱自己。索尼拿下全球发行不只是影片足够出色，更是贾玲在导编演全方位的作者性和高水准带来的底气。,5stars
有心思减肥，没心思打磨剧本是吧,1stars
小红花真的是催泪神器，这个bgm一响，我就仿佛被拽进了乐莹那些浑浑噩噩又被压抑的日子里走了一遭，在加上她在拳场上不放弃的态度，md哭亖我了,5stars
真是为了减肥这瓶醋，包了一顿饺子…..客观真实的评价感受是对女导演最大的尊重，而这部电影还是没走出雌竞，没有缘由的“丧”和没有缘由的“坏”以及没有缘由的“燃”…,3stars
你想要赢得别人的尊重，并不需要无条件对别人好，只要尽全力做自己就好了，就像拳击一样，打击时全力以赴，打完后可以相拥而笑。电影本土化改编很好，有一些点会小小戳到我。乐莹，ling，不就是她自己,4stars
"这部片子是有后劲的。
一开始乐莹的丧气颓废真的让人看着难受，特别是碰到爹味男后的小心翼翼更是憋屈。
但电影里的反转不是简单的复仇爽文，而且一个讨好型人格在不断受到伤害后找到一个最简单纯粹的目标再通过肉体精神上磨练，用一天又一天的汗水逐渐找到那个新生的自己。那个雨夜的乐莹没有死去真是太好了。就像是看想见你最后一集陈韵如没有死去一样令人充满希望。
现在的贾玲外表让我觉得有些陌生，但是她的心我们都懂❤",5stars
不懂为什么很多人只看到了减肥 拳击 对生活还击 你真的很棒 ,5stars
"生活重拳向我， 我亦重拳出击👊 真的是一部非常非常棒的女性电影。 看过日本版 认为中国版更好。 没有刻意煽情， 没有故意的坏人，可是那就是生活啊。 “我把两个苹果都给朋友” “那我闺女朋友多呗” “没有， 他们都以为我不喜欢吃苹果” 
从笑声到电影院越来越多的抽泣声， 我真的感受到了这个女孩，理解这个女孩，心疼这个女孩，就像看到了每个女孩成长中的自己。 没有刻板印象的女权 只是在讲述一个普通女孩的故事。 太燃了[苦涩] 贾玲真的是一个非常可爱的女孩子！",5stars
终于不再是好女人和坏女人、红玫瑰和白玫瑰，而是真的用女人的善、女人的恶、女人的自私、不甘、争强好胜…去描绘女人。分镜在我这个外行看来非常漂亮，可以直白地看出是用心的作品。最难得的是没有让人不舒服的镜头，没有直接的身材羞辱、荡妇羞辱，果然女人知道女人厌恶什么,5stars
瑕（导演及叙事技巧）不掩瑜（真挚的情感）。,4stars
还行吧，感觉这部电影对贾玲自己的意义比较大，我们就是围观了她蜕变的过程。剧情还行，她独自上楼的那段镜头拍得不错，还留了个伏笔，有点意思。,4stars
"没看之前我每每听到有人说贾玲过度营销都要忿忿不平一阵，可能是因为从小家里人都很喜欢贾玲的缘故吧。观影后我想说的是，营销本身不是问题，但作品质量（大大地）配不上营销就会出问题。影片开始转折时我瞄了一眼时间，已经放映了一个半小时，前期的铺垫真的是比较拖沓的，我甚至觉得这个剧本拍成半小时的短片会更合适一些。当然电影本身是有意义的，尤其是贾玲身体力行地减肥健身一定能鼓励到很多观众，不过就这部影片而言，它绝对不算是好片。
p.s. 听到后排观众在开始前说这部影片会很催泪要多准备点纸，实际上除了结尾高潮部分有一点点令人感动，全程再没有泪点了。怀念为《你好，李焕英》忍不住落泪的那段时光，至今还会觉得它是部完整的、难得的、情感真挚的作品。",3stars
电影行业需要女性从业者,4stars
很棒的本土化，比一帮买完版权去其精华自创糟粕国情硬搬还敢以导演自居的烂片制造机好太多了……比其他合家欢好的地方在于配角都没有煽情洗白，唯一的情感落点就是努力坚持想赢一次，干干净净清清爽爽，真诚永远是最打动人的。人，尤其是女人，永远不要做那个星星眼崇拜着、默默支持别人梦想的存在，自己的梦想就要自己去实现,5stars
热烈鼓掌 👏女性力量 👏 最后倒下闪回那段小杜上来把过户文件签了 一下子我就绷不住了 😩😩😩😭😭😭🥺🥺🥺,5stars
"这一次女主角赢的目标不再是男主角，而是为了向着夜色轻快地出拳，再跑进更深的良夜里。好有力量，不再乞求爱真的好有力量，让我的手心脚心眼角鼻尖都变得汗津津又酥酥麻麻的。曾经她怯生生地带着讨好的笑替男人扶正晃动的沙袋，现在她出拳带风击得沙袋上下翻飞，但她回身离开，不再小心翼翼地伸手去停摆它。",5stars
先说不足：及格了，有的转折比较硬，有好几个call back的点因为编剧没顶上力而浪费了；再说闪光点：不硬煽情，对女性处境的认识有一定深度，不自怨自艾，能激励人向上向前，不整烂活儿，堂堂正正认清自己。所以在及格的三星上➕一星为贾玲鼓掌。ps.喜欢那句“好疼啊，怎么一点伤也没有”,4stars
敬爱所有富有生命力的女性,5stars
“这在内娱史上真的绝无仅有”这类题材以女性为第一视角的太少太少了，特别是这种在偏刻板印象中为“男性题材”的电影。贾玲把她拍出来，并用自己切实的改变来证明与宣传，作为女性真的非常非常骄傲。希望中国有更多的女性导演和女性题材出现！,5stars
"三星半（豆瓣为什么不能给半星🤔），其中一星给减肥的毅力。
优点：笑点合格，表演自然，最后的比赛很燃，值回票价。
缺点：全员恶人主角白莲花的设定有点别扭，乐莹想要赢一次的动机不明，至少我不太能共情。",4stars
去他妈的职场政治去他妈的原生家庭去他妈的PUA我现在就想专注做一件小事把它做成我就想他妈赢一次！,4stars
好多差评的可怜人说来说去就是哎呀她减肥她就是想赚钱！！咋了赚钱什么时候在你眼里就这么不合法！那你完全可以不去看。我就问下李焕英第一部超过几亿她就说过要减肥！当时你们不说她为了赚钱？现在去实现承诺了，居然反过头说她为了赚钱！贾玲自我感动？你问下看过的人就一点也不感动？学了个自我感动四个字到处用！记住这电影是春节档，本身价值就是逗你笑，带小孩子看励志的电影，达标就行！最后就是翻拍怎么了，翻拍的电影还少吗？减肥是电影噱头，我的天200多斤减了100斤，拍个电影剪这么多，我不拿这个当噱头，我就问你拿什么当噱头？硬黑谁不会！！要看高级电影回头再去看看你们的肖申克，一个春节档电影你要拿反转电影去比，你还真能比！！,5stars
我偏要打5分！ 其实从电影本身来看，缺点很多，前面剧情逻辑都有些弱，再加上影院熊孩子一直在踢我椅背，很难投入。可是啊，当看到瘦贾玲熟练的做着训练动作的时候，她看着过去的自己自信大笑的时候，和她说两个苹果的故事的时候，我感受到了任何成熟的导演编剧技巧都无法给我的代入感。 从李焕英到这一部，贾玲是在燃烧着自己向观众传递着什么，那种恨不得刨开自己献出的真心，比什么都宝贵。 后半段我一直在哭，贾玲忠粉我妈在感慨她好棒减重好多，我很难向她解释自己在哭些什么，我也很难说清我为什么会这么难过。,5stars
“她成功了他没有”。贾玲牛逼！,5stars
真想拍减肥就不会一笔春夏秋冬带过了哈 我们短发贾玲早已next level,4stars
女性的成长可以不为了任何人，只为自己,5stars
有人说贾玲的一斤肉差不多1千万，要是我我也可以。但是我想说当你像贾玲那样不缺钱的时候，你根本不会去减肥了。所以很惊喜今年过年看了这部电影。剧里的杜乐莹只想要赢一次，只想要放弃无边际的讨好从而换一种活法。戏外的贾玲努力着去做好导演。被戏里杜乐莹严寒酷暑的勾拳直拳摆拳震撼到，整体画面非常触动人心，这是一种迸发的不屈的力量，有着极其旺盛的生命力,5stars
花了100多块和130分钟看了一个明星的减肥vlog。贾玲减重100斤本身很励志。电影主人公没有成立的现实依据，托物言志罢了。,3stars
买了一个剧本，拍了一个不伦不类的电影，营销的点就是导演+主演减肥，全网没有任何关于服化道、剧情、其他人物形象的讨论，再加上专业MCN的营销控评+小仙女的自high，电影就是这么被玩烂的，劣币驱逐良币，吃枣药丸,1stars
能拿影后的本子，拍成了健身房宣传片。贾玲一年健身实录都比这个大杂烩好看。,2stars
电影其实很一般，很少有能引发共鸣的时刻。三星全部送给贾玲，减100斤不是凡人。,3stars
8分是耻辱,1stars
每年春节的仪式感-和爹妈一起看个电影，果不其然，看完电影一出来，我爸问我：“你觉得这个电影想表达什么”（因为小时候听了太多爸爸的思想教育，每次在学校遇到班会家长会，都会感慨，我爸太适合当老师了，尤其是班主任），“表达一个付出型人格的人，想要改变自己，想只在乎自己的感受，只看自己的心情。”我爸说：“我感觉是讲现在年轻人遇到一点小挫折就不行了，然后又努力爬起来，不认输。”我没回应，但我坚持，一个i人，一个总是会在意周围人的感受，一个极易共情他人感受，理发店洗头都要自己暗暗用力抬脖子的人，要做到只看自己的心情做事，很难。and看到贾玲引体向上，太厉害了吧！我和我妈说“天气暖和了，要恢复健身了。”我妈捏了下我的锁骨，“瘦成这样，再不准减肥了。”哈哈哈，还是不和我妈掰扯什么是增肌了。,4stars
最开始我觉得电影很一般，但贾玲太哇塞！现在静下来了想想，我不喜欢电影故事的原因也是因为它把这个厌女的世界刻画的太真实，让我本能的排斥它，这也是一种成功啊。,4stars
你的身材管理，你的妈，干吗让全国观众跟着一起看？,1stars
天生反骨，本来想打三星，但就看不惯某些一星差评的喷子,5stars
我已经摔下去了，为什么一点伤都没有呢？打拳击比赛，实际上是为了找回疼痛。看起来毫发无伤的她，实际上被亲人、朋友、爱人伤害到对着镜子狂哭“好疼”。因为看起来遍体凌伤，被揍到出血的她，却是终于在伤口中找到了对自己的爱，找到活着的感触。男角色的刻画，真实到让人不适，日常生活里随处可见占了男人总数90%的男性，为何此前如此少得出现在电影中，并且我看得如此难受，真是耐人寻味。把两个苹果都给别人，不是会让人觉得你不爱吃苹果，而是会最后自己手里什么都没有了，也就失去了利用价值，被人扔掉。跳下楼却毫发无伤，这象征着让渡自己成全他人的前32年人生毫无声息地结束，从此以后，要看我的心情。,4stars
这么多年里这是唯一一次带我妈看电影她没中途睡着，仅凭这一点，也值得五星，更不要说她还笑得很开心、后面部分也很感动。总之，节奏很好，情节不难理解，又不太俗套，实在值得给满分💯 而且因为是在东北看的，电影里的每一个东北话笑点都会被立即接住，同场观众里还时不时有人能进一步发挥，听他们点评和接梗也笑死我。这电影看得超值了😆,5stars
片子跟李焕英一样恶心，天天用减肥宣传更是恶心,1stars
可打住吧 好片不是营销出来的,2stars
谁要花钱看她减肥,1stars
"乐莹这个人物她从头到尾都很沉默，没有语言上的幽默，不抖包袱，也没有宣言性的发言，而且说话细声细气的嗓音语调也和臃肿的体型有很大反差，没有因为喜剧人身份，就把角色变成大大咧咧那种讨喜性格，但就是这种设计，把整个故事和第四面墙外的现实都融合了起来。
乐莹被亲人、朋友甚至爱人反复辜负，想在雨夜跳楼，可摔下去都不会死，她哭着说“好疼啊，为什么没有伤”。这段其实就是说明了她的处境一直都是，受伤害，但不显露。
尽管乐莹做出改变，她依旧没有长篇大论解释自己为什么要打拳，也只有那几个字“就想赢一次”，但这种沉默就变成了一种暗下苦功的努力。
这就和贾玲拍摄整个电影所付出的努力又很契合，消失一整年去减掉一百斤的体重，不对外界对她的争议做过多辩解，贾玲就像乐莹最后上拳台一样，上台开打才知道她练得有多好。",4stars
《百元之恋》是我的日影十佳之一，入坑安藤樱的初恋作，总是找机会翻出来，多少看了七八遍。相较于百元从头到尾高度统一、雾气一样缠绕的丧（褒义）和蠕虫般生活的剖析，以及安藤樱用每一寸身体灌出来的人物形象，本片的影像和表达都不够纯熟，煽情的、搞笑的部分，插入进去都有擦痕，原作浑然一体的气质被切开，硬转出来的讨好型人格主题也生涩，尤其贾玲本人的表演方式让这个人物更加分裂。但是，用心用力的地方也都很清楚，所以看起来观感不差，很多处理能看出来巧劲。至于戏外的那些争议，就感觉挺无聊的，人家认真打拳锻炼一年，还不允许气质心态有点变化？这片子演的是个啥呢？这跟男女视角真关系不大，纯粹就是不少人，骨子里见不得人家好，见不得人家努力。呸。,4stars
“不爱吃牛蛙，再说吧，看心情。” 电影里有几个男的都被喜欢的女生满眼星星地说“好man哦”，但实际上他们一点都不man，或者说他们才展现了“真正的man”。今天的社会语境下的man（男人味）的含义，在这部电影里的特别微妙地被呈现了出来。勇敢、有担当、为自己的选择而承担后果，这不是man，这就是勇敢、有担当、为自己的选择而承担一切后果。乐莹为自己的选择努力，乐丹为自己的行为承担后果，“小三”喜剧化的下跪和解而那个被夸man的男人不敢说话，这一切都不再是男人的功劳。这一切都不再是男人的功劳了！！！（看到乐莹满身肌肉出来的那幕，右边的情侣吵起来了，男的说什么没听清，女的说你牛你也练啊，凭什么否认别人的努力，我当时真的快笑昏过去了）,5stars
"我以为我不会哭的 但还是在送你一朵小红花响起的时候哭崩了
玲姐真牛逼啊 这女人想干什么干不成啊 精壮的女人太美了
比日版好看 也可能是我个人品味原因 我觉得国产化的设计很好 虽然不排除有一些烂梗会尴尬 但相信我 百元之恋更尴尬
总之是两个不同的设计 日本版很符合他们的国情
贾玲真是本年度最爱女明星",5stars
虽说本来没期待，但是这么厌女也真的超出意料。女主身边的几个女性，闺蜜劈腿还让她当伴娘、妹妹刻薄（还对她来了一段跟主题毛关系都没有的荡妇羞辱）、表妹利用她、妈妈和稀泥，而男性呢，俩渣男和性骚扰老板还得有点闪光点，其他干脆完全正面。已经这么爱♂还有大批破防，“我跟张伟丽五五开”这种言论再现，小心灵真比茶壶还脆弱。剧情更是一团糟，前后没逻辑，贾玲的毅力令人佩服，但作为演员或导演完全不称职，更像是性转的郭帆或者陈思诚，大拽国产后腿。想想我的评论要混在一堆破防大骂中就觉得好惨，唉好歹来个末路狂花这样的，把该突突的都突突了。,2stars
其实不太好看，但是贾玲太敬业了🤦,3stars
"不明白为什么好多人jv营销减肥，一年减一百斤是什么很容易的事情吗，且这个减肥情节仅在电影中一笔带过。
国人真的很爱评论他人的外貌，没有一丝尊重可言。作为一样有体重问题的人真的狠共情这电影，想摘除瘦子或胖子的标签太难了，持之以恒的认真锻炼，需要付出巨大的努力。当女主痛哭说好痛的时候才终于觉醒了自我意识，生活和成长必然伴随疼痛。给不给大小苹果，以后还要不要约会见面，都“看心情”再说，不是不对别人好了，而是自己的感受更重要。看哭不是什么评价好电影的标准，虽然真的因为巧妙的情节铺陈哭了很多次，改编日版也改得合理，不仅规避了一些上不了台面的情节，也让最后女主选择更显独立自洽。戏里戏外贾玲都算是一位值得尊敬的成功女性。她的共情力和喜剧天赋都是作为作为导演的独门绝招，期待她未来的作品。",5stars
不要被铺天盖地的减肥励志热搜影响了对电影的预期，这是一个烂好人学会说不的电影，是一部很有质感的现实主义反抗命运的电影，是一部尊重观众观感的好电影，是想带着大家一起对抗自我而不是沉醉在自我感动里的诚意之作。,5stars
太不容易了啊 要赢一次真的太不容易了呜呜呜……看到一句很好的总结“这不是一个关于减肥的故事，也不是一个关于拳击的故事，好像更不是一个关于赢的故事，而是一个女性揪着自己的头发，把自己从烂泥沼里拽出来的故事”,5stars
三星吧，但是在这样一个厌女的社会和春节档，这部电影的社会价值大于电影剧情的价值，两段训练蒙太奇还是很热血感人的，结局处理得也不错，女人也可以只为了“赢一次”为了梦想而拼搏。,5stars
那个点赞两万多评论的男的死了 老子就是lgbtq➕女权主义者 弄死你们中国男,5stars
不要和原作比，也不要和《惠子，凝视》《百万美元宝贝》之类比，也许团队想拍的只是简单的喜剧和励志而已，拳击只是附赠。故事更喜欢《李焕英》，音乐更喜欢《李焕英》，还有剪辑也是；尤其音乐，选得不太好，太满，有点吵，也没记忆点。前面就像《欢乐喜剧人》，花了将近80分钟左右不厌其烦地讲家长里短方方面面，可马丽、魏翔、许君聪、李雪琴、乔杉……一出来，基本能猜到他们要玩什么梗，连“鸠摩智”都来凑数了，雷佳音废戏有点多，烧烤店同事、拳馆前台女孩之类基本可无，“好MAN啊”这句话李雪琴讲了一次，前台讲了一次吧……；后面40分钟，练拳也主要是独自对着空气挥舞挥舞，真打一场就完了，能60分钟生活，60分钟练拳，多练练多打打不？积蓄一些体育的气场和能量。,暂无评价
从电影院出来，听到一个男的（用鄙夷的口气）说“贾玲减肥之后真显老啊”，又看到一位影评人说“女性不减肥也把事儿办了才叫牛逼”……本来想打三星的，怒改四星。,4stars
和原著比根本没有深度，不在一个档次，因为国人无法接受悲所以改编成这样，再用自己减肥做卖点，贾玲太小聪明了。一会自己母亲，一会自己肥胖，你以为别的导演不能用这些题材？请你拿出自己的构思创作出来，靠流量推动的票房真的很低级，虽然我也买票了，但还希望你别再当观众傻子了。,2stars
电影节奏不太行，前期叙事太啰嗦，没有重点，开始打拳后就好很多，果然女人就得打拳，遍体鳞伤也得打，只有这样才有光明大道姐妹们。（看评论区这么多破防小jb跳脚，值得加一星）,5stars
果然是新手导演，很多镜头好多余，情节转场全靠MV···我理解很多人为啥打四五星，但是仍然想把微博收钱写高分长评的影评人刀了···,3stars
本来是个三分电影，再扣一分是为了抵制豆瓣的通分膨胀。,2stars
No.2584 戏里戏外都告诉你一个真理，人要有梦想，哪怕赢一次。原以为是翻版《百元之恋》，看到一半发现我们也有自己的安藤樱，但电影看完才意识到，我们拥有的不是“安藤樱”，而是贾玲,5stars
“我有一个大苹果一个小苹果，朋友要的话，以前我两个都给，现在看心情”,5stars
其实只要走进电影院看过片子，就不会再被热搜模糊焦点，从母爱到自爱，关于爱的选题贾玲一直没失手过。这次真的帅！,5stars
不必多苛责任何。甚至能瞥见一缕可贵的精神，贾玲自身独特又典型的处境锻炼了她触及现实底色的方法，呼唤了中国大陆主流市场近于灭绝的身体政治，且完全是无意的。如获得关于调度和审美的点拨，存在生成好的影像的可能（而结尾的某几帧已相当接近）：仅凭这一点就远胜于市面上几乎所有（男）导演。,5stars
豆瓣十年潜水第一评，为玲姐疯狂打call，喷子根本无法了解当一位女性有了强大的意志力和执行力之后将掀起何等量级的山呼海啸。,5stars
她掌控了自己的身体，也会掌控自己的人生。让那些腐烂的东西烂在身后真的好帅,5stars
前面有一点没连上的后面都补上了。贾玲和爹关于苹果那段对话经典。胖的时候吧说人家不健康，瘦了吧说人家炒作，怎么那么龌龊呢你们？？,4stars
瘦下来的、不那么高兴的她真好，撕掉了大家喜爱的假面，露出了皱纹和真实的情绪。输了也好，没吃回头草也好，甚至也没跟破家庭抱头痛哭大团圆，感觉这会是个开始，大家会开始创作一些不那么本土普世价值观的作品。关于减肥这个事，其实是戏里戏外角色和演员高度重合的蜕变过程，才让这成了卖点，那怎么不行了呢？,5stars
杜乐莹减肥成功后仍然是个普通人，拳击比赛也没有赢，也会为了各种工作、婚姻、家庭等琐事发愁，一切好像是微不足道的，但是这样也没有关系，她赢了，赢了过去的自己，希望每一个像杜乐莹的人，都能赢过自己，并坚持下去。,4stars
特别特别难看，拍摄、特效、剧情设计和整体节奏都不行，演员也莫名其妙（说的就是雷佳音演拳击教练）全程尿点，完全无法调动情感。 我想请问如果不是贾玲讨人喜欢，这不就是一场浩大的个人ego秀？贾玲减肥确实很厉害，但是你们好评如潮夸的是什么？这电影里面除了主角之外其他的女性角色都很片面很歹毒，你觉得只有你有struggle吗？其实每个人活得都有自己的苦衷，搞成一种与世界为敌的样子我只能理解为一种迎合下沉市场的糖精。我想破了脑袋只能想到：大部分人一年来一次电影院，贾玲减肥➕主题是燃的，不管拍成什么样都够了。本片让我觉得只要噱头有了，有资本给你运作下，全国人民都会乖乖买单的。本次观影最好的部分是电影开头的沙丘预告片和宝马广告。衮。,2stars
贾玲一边把电影拍了，一边利用工作间隙把减肥减了，然后还要大家说她很不容易，树立了好榜样。钱也赚了，好身体也得了，为何要绑架大众呢？就…一切为了自己、取悦自己就好了呀。,3stars
贾玲挺好，但电影烂。戏外硬拉两倍体重120kg真有东西，减肥100斤值得，但戏里故事情节、叙事节奏、内核一比吊糟，好材料炖成了一锅屎。减肥MV燃是燃，但蜕变太过生硬。贾玲演不出小人物的丧、感受不到切肤之痛和底层困境的共情。在我这里拳击电影天然加一分，不屈不挠，勇往直前，想赢一次，再赢一次。,2stars
拿减肥瘦身当作噱头和宣发，真的恶心，把营销的精力一半放在剧本上，也不至于改编别人的，搞个小品，比小品还恶臭，真是如坐针毡如芒刺背。1分滚粗,1stars
太帅了！可以说是部纪录片，太有power了，立意也很好啊，人物最后立住了，所有戏剧部分的缺点都可以说瑕不掩瑜,5stars
"跳楼不死，被人利用伤害却累积成行尸走肉。
拳击难赢，日积月累的改变就足以独舞碎步。
有人沉溺于庸俗，也有人想成为更好的自己。他们都付出了各自的代价。",暂无评价
"“其实我不喜欢吃牛蛙”“改天吧”“看心情”成为更好的自己，更爱自己。
补了原版，贾玲的本土化改编做得还不错，就是演技还有提升空间。",4stars
好的部分全是原作功劳，自我发挥的部分，大概是因为贾玲对自己是个胖子这件事有很大程度的自恨吧。很久没看到一部片子对胖人群体如此鄙夷的了，每一个胖子都各有各的猥琐。人生并不是减肥就能好转的，不要这么小看人生。自我感动少一点，对自己更好。,2stars
"她说：
《你好李焕英》破30亿就瘦成一道闪电，
当时只以为是一句玩笑，
谁也没有较真，
可是她用了2023年一年时间，
她做到了，
看着影片最后一点一点下降的数字，
我想：这样的人，做什么都会成功的",5stars
贾玲瘦了100斤，没见过吧？这辈子也没见过吧？好奇吗？好奇就来电影院，看《热辣滚烫》！除此之外，没有其他办法哦～,1stars
我国的底层人民还真就没这么生活的，要翻拍也请先让电影逻辑自洽一点,1stars
"通过彻底的自我代入和某种程度上的借势修行，来完成电影和自我营销，而且能做到既要又要，这没什么错啊。而且这种营销故事还搞得非常催泪，更是证明着导演本事。
受不了的是，出场那段也太长了，不过看结尾彩蛋，也就知道为啥要那么长，毕竟那是贾玲个人的巨大成就。",3stars
中国人自己的《芭比》,5stars
如果《年会不能停》都上了8分，那这个为什么不能值得5颗星呢。最近恋爱不顺，工作不顺，在很多场景都看的热泪盈眶。她要的赢，就是不为任何人，只为自己赢一次，哪怕全身酸痛，也要将热血和热泪一起流淌出来，从此以后再也不想做老好人，做一个自由的人吧，不想爱了就离开，有了梦想就去追——看心情!,5stars
还是想看看贾玲，想看上一次狂飙突进的“奇迹”后，到底还能怎样再续辉煌，想看抵不抵得上一个赢字，最直接的，想看一百斤的差距，有多震撼。结果是不止于此，一边惊诧自己在健身房多时也未能达到这种境界，一边却在前后两个自己的对视中感到许多感慨，甚至想哭。贾玲牛的。但牛不只是这电影的观感或可以遇见的成功，而是她切切实实地跟角色融合在一起，很难不敬畏，又很难不伤怀，就想着，这么千刀万剐了，让她替我们赢一次吧。后面很好，不需要煽情地和解，本来就没什么好看别人颜色的，就留这么个背影，兴冲冲热辣辣的，那些不值一提的人就都在尘底了，而你根本不用再看。,4stars
不是“减肥电影”！故事内核跟“身材”关系不大（所谓爱情部分也不构成主角的主要动机），“瘦了”不是为了给谁看，最后的“赢了”也不是为了别人的肯定，太正了！真的为玲姐燃到发抖！少的一星除了因为笑料太俗了，还有对于贾玲一直用“有气无力”来演绎人物状态我觉得太过了。,4stars
烂中励志，人物塑造生硬，情节转折平淡,3stars
我觉得感人的地方，真的就是贾玲作为电影人的素质，还有看见一个40+的生命力，为了一部电影的执着。从比赛赛道出来，#贾玲腹肌 #贾玲肌肉 真的就告诉大家恒心、毅力。另一个感动到我的，是《给你一朵小红花》，这首歌当时对应的电影也是在讲生命力，唱这首歌的赵英俊也是热辣滚烫。YOLO,4stars
好像进入了一种“瘦才是人生赢家”的误区🤔,3stars
最后的情绪给的太到位了，春夏秋冬四季更迭，乐莹也在这一年中完成了自我的蜕变，打拳时逐渐标准的动作和坚毅的眼神，就像是找到了方向的利剑，锐不可当，我甚至感觉她浑身上下都充满了力量感,5stars
我喜欢乐莹没有赢得拳击赛但是依然是赢家，我喜欢乐莹说出我不喜欢牛蛙的勇气，我喜欢乐莹说看心情吧的婉拒，我喜欢乐莹为自己而活的帅气，我也想成为乐莹！,5stars
谢谢贾玲，祝你享受新的人生。,5stars
到底是多没自信才会买这么多营销,1stars
女主最后发朋友圈了，说赢了一次，她输了比赛，但她赢了自己，看这剧最大的感受就是人不可以盲目对别人好，如果有两个苹果，一个大一个小，朋友要，你会怎样？爸爸说给一个留一个，女主说她都给，这么掏心掏肺真的好吗？别人甚至以为你不喜欢吃苹果，女主最后懂了，苹果不是每一次别人要就得全部给的，得看心情了，女主学会拒绝了，也学会爱自己了,5stars
又一部汉化失败的东西。。。这也好意思叫电影？这明明就是个小品！,1stars
我很喜欢！ 上一部片子探讨的母女关系，这一部探讨的是自我成长，很期待贾导的下一部电影话题，我需要更多女性视角导演来描模那些细腻的情绪。最喜欢的一段是女主从电视台回家的那晚，她一层层走上房间，路灯一层阶一层亮了又灭，窗外先是风再是暴雨最后天亮了朝阳满天——这是电影化的视听语言表达，情绪一层层铺垫递进而后共振，这是短视频永远无法取代的。结尾没和雷佳音在一起太棒了👏 这就是一个纯纯的自我救赎、自我挑战的故事，很有力量,5stars
片子还可以，故事好歹完整了，但是不推荐花钱去看，基本上就是个贾玲减肥记，挺震撼的，就是跟拳击没啥关系，最后那场拳不打也不影响剧情，反正已经减肥成功了，生活中的矛盾也化解了。电影最后还是有个疑惑没解开，就是女主的钱从哪儿来？一个月两三千块钱怎么支撑得起她租房+学拳的，如果是脱产学拳就更不可能了，更别提替昊坤付的5000块奖金，这可不是单纯的数字，而是劳动人民辛苦劳动的血汗，是要花大量时间和精力的，这些钱要是能解决，我相信社会上一定会有更多“狠人”还我们一个奇迹，而不是在劳碌中麻木地日复一日。,3stars
"542. 6.5

贾玲是一个没什么才华的导演，但是非常认真努力，就像电影里的角色一样，天赋平平，却敢于挑战，是好事。

电影里的笑料很低级 不推动情节 也有点低俗，内容本身也撑不起129分钟的时长 ，最后10分钟算是拯救了这部电影。

按说一个演员为了角色和电影去增重减重，是一个演员的本分，本没什么好吹捧的。但是贾玲把个人现实元素融入到了电影里，多少有点纪实打破次元壁的感觉，这种感觉不差。",3stars
贾玲太牛逼了，女性之光，她不成功谁成功？啊啊啊啊啊啊啊啊啊啊啊啊啊啊啊啊。,5stars
5.0。 老姐请客看的。说实话，这种电影，不值得我花一分钱去看。但是浪费了两个小时的时间，可惜,2stars
但凡健身过的人，谁看了不佩服啊. ,5stars
9.2/10 关于母亲和自我的两部，她是清楚怎么赚我眼泪的…如果把这部简单地看成是减肥/拳击宣传片实在是过于狭隘，不是为了减肥，而是为了参赛、为了赢一回。讨好型人格实在是太懂这些细节了。春夏秋冬在拳击台上的混剪，视觉冲击力大得我立刻流下泪来；风雨交加的那个夜晚，远景拍整幢楼、每层依次亮起的灯、大敞的窗户和飞舞的窗帘，本来就很喜欢这一幕了，加上后来的补充，真的有点厉害…“快死掉吧，死了就不疼了。好疼啊，为什么一点伤口都没有？“给妹妹签字，耳机里的恶语，第一夜，跳下去，后来的“揭示”都安排得很好。有的人会忘记自己说过的话，但听者有意，在水边起身打拳真的太帅了。上场镜头的内外对比，两个自己的相见和鼓励，时间于她是馈赠，这真的是只能拍一次的电影，而她完成得太漂亮了，就应该她成功。不再讨好，多爱自己。,5stars
拳赛部分拍得不赖，结尾从原版的“好痛”中提炼出释怀，没有被符号化，她是坚定不柔软的。选择疼痛，选择心无旁骛为自己改变，让我看到她做得到我做不到的，真的很钦佩。贾玲作为导演和演员，能够用这个角色体验自己的极限，张扬而上的女性力量很美。乐莹不是面面俱到的成长，她内敛不受欢迎，不会建立和他人的情感联系，百无聊赖没有未来的女青年，劳碌的烧烤店员工，不如意的女拳击手，最后看到爽快练习在夜里走远的背影，也想在身体里找到她,4stars
结尾挺好，牛蛙不好吃，海边的背影也没有男凝,5stars
我讨厌拿女权来赚钱的人,1stars
看完真的挺失望的，和原版差别太大了,1stars
几乎可以想象编剧们在编写那些煽情桥段时带着多强烈的让观众们感动（最好能流泪）的目的，此类动机真的能和真诚划等号吗？一部“大女主陷阱”电影，不靠男人靠自己，为何可以如此简单地被称为女性主义的胜利？片中贾玲角色几乎是唯一正面的女性角色，剩下的是抢自己男朋友的闺蜜、刻薄的妹妹（同样也是出轨）、脸谱化极度严重的健身房已婚妇女、两幅面孔的电视台亲戚。减掉的脂肪是实在的，然而电影本身是浮在空中的幻影。,1stars
剧情拖沓，节奏感极差,2stars
一部充满自恋情结的个人减肥记录片，从更衣室走向拳击台长达十几秒的正面镜头给我看翻白眼了，知道你心里高兴、自豪，但这与影片剧情、主题何干，我一个花钱只是想看个励志故事与你素不相识的非粉观众在这里看着你自恋拉满地怼脸拍、自信微笑、展示身材是干什么呢？从头到尾，女主持续低压，活得不明不白，除了减肥成长在哪里？拳击动机不明、为何一直待业在家不明、影片想表达的内容不明，再加入莫名不合理的渣男、性骚扰情节，如果和贾玲减肥割裂开，我真的不懂这部片存在的意义是什么。再加上不自然的长镜头，干瘪台词，为了弥补空洞各种塞入bgm，多方面体现导演的稚嫩……（自己这么情绪化反感的原因，可能是本身反感自恋的人，从而更厌恶自恋的自导自演影片吧）,2stars
贾玲，内娱唯一真神。一万个诟病所谓减肥营销的人加起来都够不上她脚底板。,5stars
贾玲瘦100斤带来的视觉奇观反而冲淡了电影励志的味道（励志靠大量的营销素材来佐证），也会让观众误以为这是一部减肥电影，但依然很佩服贾玲本人，她对这部电影的诚意远高于这部电影本身，这部依然属于“作者电影”，整个影片的成立不靠叙事靠的是人设。原版《百元之恋》的“好想赢”是一种人内在的确立的精神状态，《热辣滚烫》变成了只活一次对周围一切的回击，更外化，人物变得更无辜、更没有道德瑕疵，反而是周围都是“坏人”，这种改编很本土化也从内心上契合了过年时大家的心里，这一点很巧妙。,3stars
热辣滚烫比百元之恋更适合我的体质。不喜欢日版“死气沉沉”的基调，就喜欢老中这样阳光开朗充满希望的。,5stars
你要不换个档期再来标榜自己的努力？通稿买的啪啪响。看电影还是看你减肥啊。你那么自信减什么肥啊？,1stars
超出了此前对国产版的刻板想象，电影部分虽然一般，结合场外信息的真人秀却是超级无敌的大招。贾玲用100分钟的时间，让你沉浸在窒息的人情环境里，最后只对自己下手，是真正的狠人。,4stars
