窝囊废属实是雷佳音的统治区,4stars
真的很牛逼！！！故事线很流畅！！！涉及到法律部分也经得起推敲！！！而且真的要大喊一声韩检牛逼！！！值得全家一起看！,5stars
我就说昨天小品沈腾为啥突然叫李逵了，原来是马丽电影里的初恋叫李逵。案子挺好的，立意也很好，但为啥前一个小时非得给我们看雷佳音马丽夫妻吵架。,4stars
也就那样。真的再也不想看强奸镜头了,3stars
过程都很顺畅，但是关于初恋吵架的戏份是不是有点太啰嗦了,4stars
张艺谋出手还是稳，现实性和喜剧性都拍出来了，让人惊喜。年逾70岁的他依然在探索叙事形式，本片是多线交织，树立群像，然后共同指向“第二十条”的正当防卫议题。影片最巧妙也最可贵之处是它的视角，以小写大。通过底层小人物身上百折千回的遭遇，去探讨生活中重大的法律困境，去表彰见义勇为的朴素壮举，去宣扬公平公正的法律精神。其最大优势就是接地气，以老百姓可触可感的方式，完成生动科普，可谓润物细无声。而这本身就是宝贵的人文关怀。在本片中，演员们基本都贡献了精彩的表演，赵丽颖的聋哑母亲与杨皓宇的英雄司机尤其出色。,4stars
马丽和雷佳音吵得我脑子嗡嗡的,3stars
吕玲玲何必要把期望寄托、权利让渡给一个男人，明明那把刀是自己一直坚持要找的，正当防卫的案件是自己一直努力去推动的，我觉得吕玲玲更适合当主角,3stars
导演编剧可以说是非常避重就轻了，通过大篇幅描写赵丽颖一家的“苦”，以及阿如那一派的“恶”，成功在一开始就让观众预设了立场，而绕开了“程序正义和实体正义”这一真正的矛盾，绕开了本来错综复杂的真相，通过不断地煽“情”，也绕开了法律中本来最为重要的“理”。但作为一部商业喜剧片还是合格的。,3stars
赵丽颖眼神戏特别好，手语动作再配上含泪表情真的很让人共情,5stars
看得人太累了，没有意义的吵架太多了,3stars
有些关键点就轻飘飘一笔带过了，比如查实校园暴力，撤案；再比如说跳个楼那些乡里人就都交代了……这样把前期努力工作显得一文不值，最后靠嘴炮赢得胜利。,3stars
张艺谋这几年最具生活气息的电影，现实题材和喜剧元素平衡得相当好。他从细节入手、展现生活细节，在家长里短中看到了社会的微观状态，以小见大给予了当代社会充分的人文关怀。韩明、李茂娟虽然是小人物，但是他们所释放的人格能量是具备影响力了，我们又何尝不是电影中的角色，每日与芸芸众生为伴，演出属于自己的生活？,4stars
"我对电影唯一的投诉，是结局要靠雷佳音在一个听证会上的慷慨发言来明说电影主旨，这场面显然是很老套的电影手法，很笨拙的说故事技巧。但回心一想，若换上我来当导演，不用这方法的话，我又能如何将潜在有冲突的法律条文、复杂纠缠的人际关系，与各个角色心目中所谓的公平正义都理出个黑白分明呢？

观映后老婆问我这电影究竟想讲些什么。我一脸正经地跟她解释，说这部电影反映由文字语言书写出来的法律条文，是无法保证可以给复杂的人生处境判断对错的。电影中雷佳音说凡事要看情况，不能一概已论，意思就是说世上有许多情况根本就是有理说不清，是文字语言无法一锤定音的。

老婆想了想后再问我：“戏中那个赵丽颖的老公虽然给放了出来，但他们的确是欠人家钱啊，之后他们能何去还钱？”

这问题我就没想过了，人生果然很复杂。",4stars
我觉得马丽角色太难了像个工具人 相比于其他两个女性角色 她的角色发挥空间真小 这么单薄的人设但她演的饱满可信很幽默 又更爱了🫰,4stars
难得用喜剧打开现实主义题材，剧本很扎实，事件的发酵让每个人物都能交织其中，甭管戏份多少，没有废角色，很难得。剧情扎根普通市民的生活，非常有代入感，不是刻意生硬地普法，而是通过日常人与人的互动来告诉观众法律的界限，好笑又无奈。综合来看，过年去看还是很有亲切感哒！,4stars
普法不说教，何为正当防卫，何为防卫过当，尤其公交司机那段视频，借韩明之口做了切片式的讲解。印象里是国产片第一次这么鲜明地围绕见义勇为来铺设群像戏，很真实，即便你做了一件对的事，但也可能触犯法律，但如果仅仅为了维护法律的权威而无视正义和人间疾苦，那么谁还愿意打官司。,4stars
雷佳音又来了一段满江红式的慷慨激昂陈词，虽然很口号很教条但还是把我说哭了，老谋子的现实主义题材还是很见功力的，赵丽颖也很亮眼,4stars
"优点：近些年尺度最大、法律素养最高的电影，最贴近平民的电影之一
缺点：男凝、诗朗诵嫌疑
张艺谋是中国最勤奋的导演，甚至是最值得尊敬",4stars
校园霸凌和堂兄坦白过于机械降神了。,4stars
家长里短的戏份太多了 煽情更是尬得不行 还长达两个多小时 罪加一等,2stars
小混混真敢打派出所所长外甥和检察官儿子啊,3stars
赵姐我哭死😭,5stars
法，不能向不法低头！太好看了,5stars
【2+1】1、这么爱亲自出外勤的检察官不可能不带证 2、那个楼跳下来不可能死不了 3、校园霸凌（基本）不可能查出来 4、都塑造成那样了的恶霸村民不可能被跳了个楼吓到 5、很难靠说的判成正当防卫  可以理解想要拍成带喜剧元素的严肃题材但是确实拍得一坨shit全靠演员撑着 绕开了真正核心矛盾实体正义vs程序正义的探讨 太吵了超长小品,3stars
拍得像个长小品,3stars
郝秀萍不跳楼，这案子是破不了了,2stars
其实赵丽颖跳楼后电影就结束了，剩下的是宣传片，总结一下就是要相信青天大老爷。                     自然状态下，公平并不存在。为了追求这个虚无缥缈的崇高客体，有人寄托于因果报应，有人寄托于明君贤相，有人寄托于社会契约。但没有满天神佛，没有内圣外王。而制度法律是统治阶级共同意志的表现，现实不是地上天国乌托邦，法律就成了明文规定的结构性暴力,4stars
这个世界或许不属于理想主义者，但一定不能没有理想主义者🥹,5stars
"科幻片,但是喜剧效果不错",4stars
法治小品，雷佳音马丽二人转100分钟，最后20分钟正义必胜。,4stars
张艺谋你别太离谱….严肃普法中间穿插夫妻斗嘴插科打诨吵死人了 一个字烦 两个字很烦,3stars
三条线最后交织在了一起，没有一处是废的，好久没看过这么丝滑的电影了。,5stars
被赵丽颖的演技震撼到了，哭戏能做到这个程度还挺让我惊讶的，也是在这我才知道悲伤不一定要嘶吼才能表达，无声的哭泣同样震耳欲聋,5stars
真的很烦韩检和他老婆吵架，因为一些毫无信息量的小事翻来覆去地吵，确实很生活气息，很贴近日常夫妇，但这些在平常生活里已经很厌烦的东西为什么要到电影院里花一个小时来看？最让我惊喜的是赵丽颖的演技，戏份不多，但演得相当贴合角色,3stars
最喜欢三个人车里吵架那段戏,4stars
作为一个法律工作者，看这电影真的很有触动，包括什么事讲证据，讲规定，简直在演我的日常。法条是规则，是对绝大多数人平等的限制、保护，但是法律更是维护公平正义的最后一道底线。电影很感人，感谢最后的正义来临，希望第二十条，正确发挥它制定的意义。,5stars
说实话，马丽和雷佳音那夫妻间的相处方式不像是演的。生活里的小包袱也是一个接一个，这吵闹拌嘴简直演我爸妈的真实日常,5stars
"还是认可罗翔老师的观点，关于正当防卫我们只能代入当事人的视角，来判断防卫的正当性和充分性，而不能站在第三人称角度进行理性分析。
法律从最开始的产生都是来自于人，为了保护人的合法权益，在法律的实施和应用阶段也应该考虑人的情感，不然还要检察官和法官做什么，直接用AI和电脑判案就好了呀。",5stars
"如果你是法律从业者，你可能会觉得无论如何打人、杀人就是不对，无论如何韩雨辰、张贵生把别人打伤、王永强杀人就是违法。
一帧一帧地看监控录像，客观冷静地分析什么时候是正当防卫，从什么开始是防卫过当，那是机器。
而人，遇到这种情况会做出和王永强他们相同的选择。
也许你会说：不，我很懂法，我不会做王永强他们做的事，我绝对不会动手。
那我只能说这法律太失败了，因为它让人看见猥亵、霸凌，看见妻子被强奸，还要客观冷静地思考：我怎样做才是合法的。
但是很抱歉，就像韩明说的：“动手就算互殴，谁伤得重谁有理。”
他说的是事实，照这样的法律，我们就不应该见义勇为，被打了也不能还手。遇到这种事只能自认倒霉，不还手住院，还手坐牢，必须在住院和坐牢之间选一个。
但是，法律应该让坏人的犯罪成本更高，而不是让好人的出手代价更大。",4stars
虽然不是赵丽颖粉丝，但是真的感觉她好优秀，狠狠被郝秀萍震撼到了,5stars
1，这类题材在国内尺度应该算很大，所以给4星。2，（正当防卫）判定修改后才有这部电影，韩国（熔炉）是上映后有了（熔炉法）。拍的确实也没熔炉好。3，应该是五一或者国庆节上映，而不是春节。4，这么严肃的题材，我觉得是不应该设计有喜剧的剧情，让我觉得儿戏，你可是办案的。,4stars
一句话：今年春节档最好的电影。,5stars
所有的耐心在看到赵丽颖被强奸后的那个镜头烟消云散，谋还是那个谋，一以贯之的恶趣味，然而镜头语言和叙事水平倒退五十年不止。最重要的案件里，明明吕玲玲是付出最多信念最坚定的人，为什么最后高光全成了男主的？马丽演技特别好，但大量无理取闹抓小三的戏份到底有什么意义？！在影院看的最后一部张艺谋，再给他的电影花一分钱我就是狗！！,1stars
张艺谋最近好喜欢在最后来一场演讲啊！当我知道雷佳音开始演讲的时候，我就知道大家要流泪鼓掌了，大团圆结局在来的路上了,3stars
给我一种谁的嘴皮子更nb的感觉,2stars
后期突然煽情，正义怎么突然就出现了，坏人怎么突然认罪了？以及体制味浓浓。,3stars
村民恶霸破题的关键居然是靠一个哑巴的自杀,1stars
法应该让坏人犯罪的成本变高，而不是让好人寻求正义的成本变高。,4stars
雷佳音目前在怂刚怂刚这一块的气质属于是第一排位,5stars
注意到了一个细节，男主等到很晚才等到他下班，看起来张主任应该是真的很敬业的，才会在学校威望那么高，人设丰满且符合逻辑的,5stars
法律不是无所不能的，但却能让弱小的人在最关键的时候获得力量。,5stars
片子是好看的，感人的，故事是清楚的，有意义的。但是家长里短是略多的，事件转折是略突兀的，本来只想打三颗星，多一颗给刚正不阿六亲不认的张主任哈哈哈哈哈,4stars
很好看！！三个女性角色演得都非常非常非常好！马丽是平平淡淡的那种好，赵丽颖那里真的是高光，把我整哭了都，高叶快最后的那段台词很牛！雷佳音最后那一大段台词也很牛！整体故事情节谋子把控的很好，非常适合一家人去看，顺便普法了,5stars
我更愿意看别人路边吵架两个小时也不想坐影院听这片从头到尾吵两个多小时,2stars
吵死了，全程吵架。最后还莫名其妙强奸戏份？？？,2stars
三星。题材意义大于影片质量，喜剧部分和现实部分结合的很生硬。剧情虎头蛇尾，要不就拍喜剧，要不就拍现实题材。在春节档什么都想要结果融合不好。可惜。,3stars
张emo适合换个赛道 去导演春晚小品,2stars
吵架很真实但太多了。,4stars
整体挺流畅的电影，但以后拍这种女性受害者的时候镜头可以对准加害人吗,4stars
很难看，没有叙事，虚假的现实主义，全程都像在看一部加长版的小品或者电视剧，结局靠一浪高过一浪的配乐强行煽情，不过是空喊口号。,2stars
"才知道演技的重要性。赵丽颖好牛哇，感觉影院的人都哭了qwq 想抱抱她！然后司机女儿那场苦情戏我差点笑出来（以及刘耀文清澈的眼神（敲木鱼）……
刘耀文出场的时候帅得很安心……
感觉是用了整个狂飙剧组呢？XD 张译就是在里头纯卖萌了（比心.jpg）",5stars
剧情特别拖沓又臭又长，打着法律的噱头确实全程胡搅蛮缠式的吵架，而且女性形象很单薄，在一部讨论法治的电影里看不到理性成分全是情绪。还有张艺谋像不拍qj就不会拍电影了一样。,2stars
所以为什么吕玲玲不能是主角？,3stars
刚结束，烂片，情节稀烂，还浮夸，浪费时间。,1stars
第二十条真的要佩服一下国师，在一个严肃的法律题材背景下，喜剧元素真的是点睛之笔。剧情节奏非常好，在韩明的作用下，三个独立的案子串联起来了。赵丽颖的演技真的太棒了，聋哑人对她是十分有挑战性的，但她表演的非常出色，真的催泪。雷佳音影片最后一段说的特别好。我相信能引起很多人的共鸣。,5stars
真的没有别人说得那么烂，这是又哭又笑的两个小时，过活了我的一生。而且后劲很大，张艺谋还是有功力的。,5stars
除了雷佳音没人能演得出这窝囊劲。,5stars
赵丽颖就是牛的 电视剧电影双开花 郝秀萍牛,5stars
。。为什么马丽在她儿子跑走，对方等着道歉，公安局大门口还有心思和雷佳音翻初恋的旧账。。。,2stars
如何把听证会变成Ted talk,3stars
最该来看的就是学法律的，都该来找找初心,4stars
刑法厚厚一本书，几百个法条，翻来覆去只有四个字，公平正义。法律不是为了加重好人见义勇为的负担。法不能像不法让步。我只能说金句频出，不愧是张艺谋的电影。,5stars
越想越气。镜头语言基本没有，人物转变特别突然，几个案子都是画外解决，两个人拌嘴戏又臭又长干扰主线，剧作懒，主要是夫妻吵架真的好烦人,1stars
  严肃话题里演家长里短的小品，简直太地狱了，两个检察官忘记带证件，没保护好证人，最后造成了这么严重后果，却好像被冤枉一样？还有那极强的男女刻板印象，令人生理不适。张艺谋仿佛是尝到满江红甜头一样，喜欢在春节搞这种喜剧诈骗。,3stars
案情部分还行，但是其他剧情槽点太多了，一如既往的把女性角色边缘化，无脑化，恋爱功能化。一个坚持到底的女检察官，案件所有工作她都做到最好，结果就是因为上级压力被边缘化，美其名曰保护她。说白了还是一个权力的牺牲品，对此我只觉得悲哀。还有聋哑女被qj的拍摄部分还是那么男凝视角。马丽的角色也一样符合所有刻板印象里的“老婆”。,3stars
期待emo 真的好看 能把普及法律融入到喜剧中很厉害,5stars
老谋子现在拍电影感觉又上了一个境界，非常的流畅和生活化，探讨深度问题的同时也很好的完成了喜剧的部分（不同情绪之间反复横跳谁懂啊。。。马丽的日常吵架，雷佳音最后的演讲和完全超出预期的赵丽颖，主演们也非常给力，真的推荐了,5stars
这部片子最喜剧的部分，就是一个对正义公平和对检察官的责任失去初心的中年男人在女性角色的帮助堆砌下，还能拥有如此英雄主义的时刻。 果然，男人真的觉得只有男人才是世界唯一的主角，吕玲玲这样正义，坚韧，充满力量与温暖的女性出现，也只是为了“唤醒”男主，成就男主,2stars
一声叹息，想说很多说不出，希望理想主义永存心中,4stars
前期电影节奏拖沓，后期潦草煽情。披着喜剧壳子，展示导演三观，不知道改编的意义在哪？我不理解，为什么要加强奸那一段戏，为了突出什么？突出这个家庭的苦难？喝尿被打怎么不拍？是不够苦难吗？明明是吕玲玲坚持原则，最后功劳却是韩明的。啊？啊？啊？,1stars
听证会上那段看得人心潮澎湃的，我们需要交给孩子们一个怎样的世界，我们办的不是案子而是别人的人生，致敬每位坚守底线的司法人员！,5stars
我不理解，国师一向要求、水准都很高的镜头语言呢？全片的镜头非常非常非常普通，甚至不如一些电视剧。台词也让人如坐针毡，一部电影为什么能吵成这样？情节推进全靠台词，无论是马丽和雷佳音家长里短的吵闹，还是高叶前期神经病一样就知道狂怼领导，后期那段慷慨激昂的上价值，以及康村恶霸各种咋咋唬唬，都让人汗流浃背，着实吵得我头疼。再加上让人非常难笑的笑点，这两个多小时在电影院可谓饱受折磨。如果不和别人比，只和自己比，同为现实题材，《第二十条》在各个方面都轻松被《坚如磐石》碾压。,3stars
感觉有些人物刻画的好，有些比较平面。黑恶势力都敢砍人，怎么聋哑女孩跳个楼就怕了…这点是我想不通的。,4stars
无法评分的一部电影。郝秀萍/张贵生的部分和最后的演讲，是堪比《药神》《辩护人》的超高分；但那些家长里短的吵架、小品笑话，又吵得人头都要裂开了，脑瓜子嗡嗡的。过度喜剧化的现实主义，两者看似兼容，看时也被逗到爆笑，但最后发现真的会稀释掉那些痛苦的力度。把跳楼/强暴/被车撞死等极端残酷的内容，和大量笑话并在一起，顾此失彼。但悖论是，这又必然是春节档的商业考量，C端的市场需求，才导致风格上的不纯。等上线后，会再看一遍赵丽颖的表演和雷佳音的演讲，那些台词太好了：“办的不是案子，是别人的人生”、“老百姓对法律，就是朴素情感期待，公平正义”、“不公的审判会污染水源”。,暂无评价
越能感受到张艺谋是个很旧的人，“一切为了孩子”“考上大学就是全家的希望”，一边窝囊废一边是家里顶梁柱的男人，只会尖叫争吵暴怒的女人，以及镜头里永远要出现的衣着凌乱受辱的女人。片子胜在社会议题的角度，以及讨论司法的合理性，不知不觉感觉这样现实主义题材的片子已经越来越少能见到了,4stars
体验并不好，故事过于琐碎感觉更适合拍剧，而且看两个多小时雷佳音和马丽碎嘴吵架也真是头疼，这么密集的对话咱别只拍正反打可以吗导演。可以理解这题材只能浅尝辄止，但表达落点也实在是太太太弱了，几句大白话的事情何必拍一部这么长的电影呢？,2stars
感觉看了一个世纪吵嘴皮 抬表发现只过了一个小时 昏迷,2stars
换个be结局，这不直接韩国电影了,5stars
于平凡中摸索希望，在真实中讲述公义。张艺谋拍了一个与千家万户都有关的电影，三个事件都实实在在地发生于我们身边。饰演郝秀萍的赵丽颖主动提出饰演听障人士，原本只是对人物的深挖与思考，正好促成了这次特殊的诠释。郝秀萍是全片情节的“发动机”，一切因她而起，赵丽颖感染力十足的表演让本就扎实的剧本更添戏剧张力。生活中苦难的降临从来都是悄无声息的，命运坎坷，母爱无言，她那溺水般的人生，终于被正义和善良托起。相信只要坚定向前，我们终会沐浴在阳光下。,4stars
多少人在电影院里被颖宝儿的演技征服的举个手！,5stars
前半部分搞笑，后半部分哭瞎，中间夹杂温情和礼法，今年春节档最佳,5stars
能通过一部电影来扩大对第二十条正当防卫的宣传，这个出发点是很好的。马丽和雷佳音的存在让这部电影多了点笑料，不致于太悲伤。但其实结局都是很理想化的。现实情况赵丽颖那个角色跳楼后，她老公的朋友可能就更不会站出来了。还有就是哪怕自己是被打后出手，现实情况现在可能还会认定是互殴，希望执行层面可以有所进步。“办的不是案子，是别人的人生啊”。,4stars
太棒了！深入展现、探索了一些高敏的红线事件——烈士家属用烈士头衔霸凌乡里、司法机构对法律法条刻板遵照、定罪量刑对朴素正义弃如敝履……法是为社会服务的，而社会的主体是人，所以法是为人服务的；于是我们永远不能本末倒置，重法而轻人。只是法理为人情让渡的尺度实在太难把控、又太容易被利用，如何平衡二者，让法理为人情之标，人情为法理之本，将是一个有温度的法治社会永远的命题。,5stars
我非常非常非常推荐大家去看这部片子，也许它题材不那么欢乐，也许它结尾太理想化，但电影本身质量过硬，又是非常难得的机会，能通过电影来推动大家对正当防卫的思考和关注。如果大家都看了，兴许就像《素媛》一样了呢倒逼现实变得更好了呢？,5stars
好喜欢马丽、高叶、小丽之间守望相助的那种情感，女孩子就是最能共情、最懂坚持，电影看的时候真的觉得事赶事好多事，事情推着人走，为公交车司机和郝秀萍大大大流泪（我感觉我真的是一路看着赵丽颖在成长变化的观众，真的一点点在突破我对她的所有想象）作为一个法律工作者，回想起自己当时选专业时的期待，我就是希望成为吕玲玲这样的大人,5stars
“所有正确的事情，都有代价，但不能因为有代价就不去做。”,4stars
吵架声音很大声，剧本痕迹很明显，听证会的时候看吕玲玲在下面哭得泣不成声，我在想为什么在上面的不是她呢？,3stars
赵丽颖实现了自我突破，她永远不会让人失望,5stars
赵丽颖五官乱飞，为什么会有她在，我还是蛮期待马力和雷的，有赵丽颖我不看了，她的演技在大屏幕直接尬死。。。,1stars
多少人在电影院里被颖宝儿的演技征服的举个手！,5stars
"雷佳音和马丽演夫妻好自然
但真的不想再看强奸这种戏份，张导就非爱拍这种吗。。",3stars
前半部分搞笑，后半部分哭瞎，中间夹杂温情和礼法，今年春节档最佳,5stars
太棒了！深入展现、探索了一些高敏的红线事件——烈士家属用烈士头衔霸凌乡里、司法机构对法律法条刻板遵照、定罪量刑对朴素正义弃如敝履……法是为社会服务的，而社会的主体是人，所以法是为人服务的；于是我们永远不能本末倒置，重法而轻人。只是法理为人情让渡的尺度实在太难把控、又太容易被利用，如何平衡二者，让法理为人情之标，人情为法理之本，将是一个有温度的法治社会永远的命题。,5stars
我不想看强奸戏,2stars
一声叹息，想说很多说不出，希望理想主义永存心中,4stars
没有理性，全是情绪，法律又不是谁惨谁有理、谁声音大谁有理。倒是可以作为一个超长篇小品，春节看看还挺合适。,3stars
不怎么样，就马丽还可以。,1stars
加长版CCTV12法制宣传片,3stars
感觉有些人物刻画的好，有些比较平面。黑恶势力都敢砍人，怎么聋哑女孩跳个楼就怕了…这点是我想不通的。,4stars
越能感受到张艺谋是个很旧的人，“一切为了孩子”“考上大学就是全家的希望”，一边窝囊废一边是家里顶梁柱的男人，只会尖叫争吵暴怒的女人，以及镜头里永远要出现的衣着凌乱受辱的女人。片子胜在社会议题的角度，以及讨论司法的合理性，不知不觉感觉这样现实主义题材的片子已经越来越少能见到了,4stars
于平凡中摸索希望，在真实中讲述公义。张艺谋拍了一个与千家万户都有关的电影，三个事件都实实在在地发生于我们身边。饰演郝秀萍的赵丽颖主动提出饰演听障人士，原本只是对人物的深挖与思考，正好促成了这次特殊的诠释。郝秀萍是全片情节的“发动机”，一切因她而起，赵丽颖感染力十足的表演让本就扎实的剧本更添戏剧张力。生活中苦难的降临从来都是悄无声息的，命运坎坷，母爱无言，她那溺水般的人生，终于被正义和善良托起。相信只要坚定向前，我们终会沐浴在阳光下。,4stars
吕玲玲是全片最有信念的检察官，最后成了给男主鼓掌的听众？？？哈？？,1stars
能通过一部电影来扩大对第二十条正当防卫的宣传，这个出发点是很好的。马丽和雷佳音的存在让这部电影多了点笑料，不致于太悲伤。但其实结局都是很理想化的。现实情况赵丽颖那个角色跳楼后，她老公的朋友可能就更不会站出来了。还有就是哪怕自己是被打后出手，现实情况现在可能还会认定是互殴，希望执行层面可以有所进步。“办的不是案子，是别人的人生啊”。,4stars
“所有正确的事情，都有代价，但不能因为有代价就不去做。”,4stars
我非常非常非常推荐大家去看这部片子，也许它题材不那么欢乐，也许它结尾太理想化，但电影本身质量过硬，又是非常难得的机会，能通过电影来推动大家对正当防卫的思考和关注。如果大家都看了，兴许就像《素媛》一样了呢倒逼现实变得更好了呢？,5stars
被混混围攻的人去哪里找牌，被栓上狗链的人去哪里找刀，被逼上楼顶的人去哪里找法，被关进牢笼的人去哪里找花。刑法五万字，老百姓不过在里面找四个大字。办案千万件，每件办的都是别人的人生。明明道歉就能解决的问题，无视就能避免的麻烦，忍耐就能清偿的债务，法律守护的是天理，天理遵从的是人情。,2stars
"龙年初一 一大早的第一场电影
讨论刑法第二十条“正当防卫” 雷佳音和马丽贡献了全部的笑点 电影有很多大段的对白和台词 非常考验演员台词功底 还有很多惊喜的老戏骨",4stars
好喜欢马丽、高叶、小丽之间守望相助的那种情感，女孩子就是最能共情、最懂坚持，电影看的时候真的觉得事赶事好多事，事情推着人走，为公交车司机和郝秀萍大大大流泪（我感觉我真的是一路看着赵丽颖在成长变化的观众，真的一点点在突破我对她的所有想象）作为一个法律工作者，回想起自己当时选专业时的期待，我就是希望成为吕玲玲这样的大人,5stars
赵丽颖实现了自我突破，她永远不会让人失望,5stars
张艺谋导演对于人性的刻画真的很精妙，各种角色冲突恰到好处,5stars
更像一个编剧作品，不像导演作品,3stars
故事流畅度加分，赵丽颖演技加大分，车祸部份设计扣分，有种为了推进故事不把小人物的命当命的强行感。,3stars
很失望 导演最近几年拍的都是什么烂片 这种剧情真的没什么拍电影的必要,2stars
烂得透透的 ,1stars
赵丽颖爆发那场戏有点不够爆发，也不是说差，就是情感还是有点不到位，但总体还可以。。。马丽雷佳音陈明昊拌嘴笑死我了。。。,4stars
马丽姐，电影演的像小品一样聒噪，关键是小品演的也不搞笑啊,2stars
张艺谋：我给你们准备了你们之前剧里的人设，方便你们把握角色。雷佳音：好的。马丽：好的。王骁：好的。杨皓宇：好的。阿如那：？ ,4stars
郝秀萍哗啦的流下来一大颗眼泪真是惊艳到我了,5stars
法不能向不法让步！让法律人很感动。电影里杂糅了很多正当防卫的真实案件，虽然现实中因为真实案件的发生，我们刑事政策对正当防卫有了新的取向，但现在能有导演愿意出来拍这么一部片子，好勇敢👍,5stars
"不戳，节奏紧凑，很适合过年和爸妈看很理想的一个故事，但文学本身就是理想的，这个结局让我大过年的不至于憋屈死",4stars
浪费时间，降智，无聊,1stars
特别好，很有普法意义的新年档喜剧！全员演技派，有种狂飙，漫长的季节，还有我超爱的宇宙探索编辑部联动的感觉。最后陈述那里说法律就是要讲公平正义不是单纯的扣法条字眼，以及法律也是一种人情的体现，有体现一些近些年来大家会在网络上做陈情的现象，感觉挺好的～,5stars
抱着平常心去的，意料之外的好看。马丽喜剧一姐坐稳了，喜剧效果很棒。赵丽颖也是一亮点。,5stars
第二十条好像没有必要拍成电影，甚至过年上，或者编一些笑点，他不如哔哩哔哩剪个纪录片。,3stars
"全剧两个关键点的推进很尴尬，比如嫌疑人妻子跳个楼，就让不愿作证的作证了，小混混们也争相认罪了？前面铺垫那么多胡搅蛮缠都是玩呢？比如学校突然就查清霸凌事件了，孩子被起诉的事就迎刃而解了，exm？你也太儿戏了吧？还真的应了那句话：正义只会迟到但永远不会缺席，呵呵

ps，倒是越来越喜欢雷佳音，那种无辜的，憋屈的，又很有安全感能兜底的人夫感",3stars
多给一星为了踩热辣滚烫,4stars
没逻辑  导演想到哪拍到哪😅,2stars
为像郝秀萍这一类的听障人士泪目了，赵丽颖真的演得很能让人共情,5stars
夫妻俩吵吵的戏码能不能少点，都是些烂梗，编剧一塌糊涂，对话没有生活气息。真的很一般……,3stars
明明要普法，结果一直是雷佳音在装疯卖傻,2stars
"第二十条这部电影，叙事不但非常流畅，而且能给人带来思考，究竟什么是法律，什么是公平、正义。另外，这部片子还非常接地气。男主带着儿子到看守所接老婆时，女主看到儿子手里拿着花时，说“又乱花钱”。听到这句台词，就想到自己的老婆也曾经不止一次说过这句话。
男主韩检察官在家是让着宠着老婆，在单位尊重服从领导，但最后在听证会上像换了一个人，慷慨陈词，彻底爆发了。这样的转变观众一点也不感到意外，因为前面有了很多的铺垫。
公交车司机见义勇为打伤歹徒却被判刑，最后车祸被撞死；哑巴老婆被坏人强奸，丈夫无奈奋起反击致坏人死亡面临重刑；就连自己的儿子在学校制止校园霸凌打伤同学也面临着被拘留而前程尽毁。这些铺垫的委屈，就连观众也需要有一个宣泄情绪的出口。",5stars
都感动哭了是吧？我也哭了，被气哭了。你要把我气死了张艺谋，我缓缓再来骂你,1stars
抛开别的不说，立意非常好，法就是回应老百姓的情感期待，要真正做到公平正义，增大坏人的犯罪成本，而非让好人不敢抵抗恶势力,5stars
大过年的不是来看你们吵架的……,3stars
跟朋友一起去看，朋友说看的犯困半场就走了。但是我买的票我必须看完吧，就这一分还是给马丽的，张艺谋是不是欠钱了？这么好的题材被他拍成这样，再给你一个小时就是电视剧水平了，还不如这几年爆火的电视剧呢！没必要把观众的情绪当过山车玩，踏实点讲故事不行吗？又有qj剧情我也是服，赵丽颖也是真不适合拍电影根本代入不进去剧情啊，演技浮夸到电影院一阵嘘声，还是去电视剧市场混吧！以后真的不会再看张艺谋的作品了,1stars
本法律人率先给这部电影点个赞！,5stars
赵丽颖演得太真实了，听障人士郝秀萍含泪做手语时真的让人看得超想哭,5stars
强行煽情和讲道理未免也太直给了。如果文艺作品都要靠这种方式表达主旨，以后大家都拍普法小课堂好了。另外户外的取景也太随意了，第一个场景的打光，差得我恨不得自戳双目，你说这是1818黄金眼我也信。,2stars
1、嘴太碎了 2、又怼着受侵害的弱女子拍特写,3stars
电影 2 个半小时，好看，好笑，好哭！带全家看很合适，普法就该这样,5stars
张艺谋，这视听语言是故意的还是不小心的？赵丽颖一出场bgm就毫无征兆地响起，催观众哭，原以为如此电视剧的手法不会出现在老牌导演手里。构图也是没有的，剪辑就是跟着吵架的节奏剪。结局各种机械降神不谈，基本操作，但是雷佳音靠一通演讲解决了影片最大难题，在听证会厅长带头起来鼓掌，真的不和法治相背吗,2stars
有点烂，谋子这几年忙着圈钱呢，and这两口子好吵啊啊啊啊,2stars
立意好 剧本也扎实。但最后的主旋律演讲以及起立鼓掌开始脚趾抠地。。,4stars
见证了一个第五代大师沦为主旋律匠人的转型。,4stars
吵死了吵死了吵死了,4stars
为了高叶姐的刚正不阿，为了雷子最后十分钟的爆发，为了马丽姐贡献的笑点和善良，刘耀文的正义抵抗霸凌，赵丽颖人物的塑造。憋屈了两个小时，但最后十分钟真的实在太爽,5stars
营销自己是女主？,1stars
题材选择倒是很好，就是感觉拍成电视剧可能会更好。这一家子真能吵……最后还得接受好几分钟的教育……,4stars
春晚段子片，东北气质，作为北方人，并不讨厌夫妻吵架的喜剧部分，类型糅合和尺度拿捏都很有一套，这碗水端的很见水平。老谋子的行活干得不错，什么样的题材都能拿来玩一玩，保证完成必要“任务”部分的同时，还能玩点之前没有玩过的新东西，类型片算是玩明白了。,3stars
好看 漫长的季节和狂飙的梦幻联动了,5stars
老谋子还是有点东西呀，拍喜剧的节奏也很好。三条线穿插讲得清楚通畅又点题。笑点很多也很有意义的一部片子，3位女演员的表现都很棒。,5stars
看完后，问小侄子如何，他觉得特别真实。对他来说，电影呈现了成人世界的复杂与厚实。对我而言，情与法之间，编辑找到很好的戏剧张力。人物的对话咬合得特别紧，没有废话，这点真好。好爱马丽，特别鲜活生动。雷佳音的寸劲儿拿捏得也很好。演员们真是为电影增色不少。两个多小时看下来，并不觉得冗长，节奏把控得到位。,4stars
看的时候太知道这是宣教片了，所以该感动的地方感动不起来。对演员来说是非常好的表演机会，但是就讨论法律的正义性来说感觉还不如罗翔说刑法。,3stars
我愿为公平正义奋斗终身，我愿意以微薄之力推动那么一点点中国的法治进程，虽然我们是处于并将长期处于社会主义初级阶段，但是我们还是在不断进步，感谢昆山龙哥一己之力让“正当防卫”这一词条仅存于书面的法条走向实际，这是老谋子的电影但又没有了他那浓烈的色彩风格，各个演员演技都特别的好，向国师学习，做一个70还在为自己事业奋斗的人,5stars
吵架斗嘴在前面很幽默，但是这种戏份多了就有点烦了，而且镜头会跟着闪，看得我很累。案件进展真的很慢，还以为我在看电视剧。。。。太拖拉了，感觉都是在讲一些有的没的鸡皮琐事。虽然后面三条线一起豁然开朗，但看得我真的很煎熬。还有就是受害人的镜头。。。生理性反胃。,3stars
法律没错，那谁错了？——答案在风中飘,暂无评价
除了赵丽颖 都难看,1stars
好看！适合春节档阖家欢乐的好电影，全员演技在线，看完回味无穷,5stars
"没有看宣传，没有看片头。我还在想是哪一位导演这么大的面子请了一堆戏骨子，原来是张艺谋。
这部片很朴实。意思是并没有什么艺术的镜头，真的不会让我想到张艺谋。
不过珍贵的是，在两个多小时的时间里，当里面的人物在说话、吵架、交流的时候，我觉得朴实的他们就像真的是在我们身边的人。好像就是身边的检察官和老百姓会说的话，演的一切都对。
我认为这很珍贵。
而且还很好笑。很好笑，在我们这个时代大概是个加分项。",5stars
一般，看不进去，浪费我钱，剧情乱七八糟，,1stars
电视剧的影调，不好笑的笑话，薄弱的剧本，如果把3分之一的吵架拌嘴的戏份删掉，可以加0.5分，赵丽颖演技好评,2stars
支持赵丽颖姐姐，姐姐是品质保证😘😘😘😘,5stars
一大帮人进工地为什么都不戴安全帽，安保都去哪儿了? 2024年了都，安全文明施工了好吗。。。还有老谋子的电影里为什么女性角色都那么事儿啊！要么特事儿，要么特软弱！人均精神不正常！,2stars
看预告以为是很郁闷的电影，但是用搞笑的手法表现出来深刻的内容，很适合春节档。,5stars
雷佳音和马丽演技很好，看到李茂娟贴心为韩明包扎擦药的那个画面，真的忍不住姨母笑,5stars
太吵了真的太吵了…有一种开心麻花加普法电视剧的违和感,3stars
幸好有好多喜剧设计 增添许多欢笑 不然该是多么沉重的一场电影,5stars
两星半。张艺谋现在是成为了副导演吗？两个案子，双线并行，竟然融不到一起去，儿子为了正义伤人，本案是男主在追寻刘文经案正义的路途上的纷扰，以及人物转变内因的一个外在体现，两案的呼应没有，雷佳音所需要给与的每场戏的精准反应和铺垫也没有，最后成为了一个理论上的“英雄”。是的，这里就牵涉到了女性的牺牲，吕玲玲的热血女检察官不仅不被鼓励（想想日韩欧美通通都有这样的女主成功），反而被免职在牺牲的一刻点醒韩明，请问这是什么金庸的小说吗？大家都是专业人士，非得加上些有的没得。刘文经案也是依靠郝秀萍跳楼才取得真正的进展，关于公平与正义的戏一定有人牺牲，他们唤醒的是麻木沉睡的东西，这里全作为了推动情节的和刺激观众情绪的桥段。这是一个诉求与观众互动的产品，比如它的喜剧部分，又比如忽然车祸忽然跳楼忽然强奸戏再现。,2stars
就说说，你也想得明白为什么最后要伟光正。影片本身，内容去描述了些问题，能上映，也说明了一些。弯弯扭扭的事多了，那你宁愿连这样的都看不到？,4stars
雷佳音以一己之力拉高了公务员的性缩力。,4stars
我认为拍的很好。虽然吵架戏确实太多太烦人了，虽然可能春节不适合沉重尖锐的主题，虽然最后还是软心肠地给了圆满结局，虽然电话转场也太多了。但这可比老谋子这几年拍的片儿汤电影强太多了。探讨法制完善和法理学意义的文本相当尖锐深刻，也不是一句话能说尽的。校园霸凌、村霸被捅两案件相互交织，附带的还有检察院里的职场心机，公交司机的上访，家庭矛盾和升学焦虑等等副线，初看起来比较杂乱，但很快就梳理清楚了，而且最后还恰当地进行了收拢，文本结构实际上是很有想法的，从剧作角度来说也是非常艰难的一项工作，完成的相当可以了。影像上倒没什么建树，但是在出车祸前，影片一点配乐都没给，就能看出是为了追求写实主义和批判目的，因此有很多伊朗社会电影的影子。然而也是为了追求这个目标，吵架戏有点太密集太冗长了，想说的太多，有些丢节奏,4stars
主角吵架戏份太多，剧情太悬浮，禁不起推敲。最感人的戏份是要求上访的小女孩那段。,2stars
1.流水的贺岁档，铁打的张艺谋；2.去年大火的狂飙和漫季两个剧组合体，演员阵容空前豪华；3.全员卷演技，卷台词功底，神仙打架；4.喜剧底色，笑点密集，主打合家欢；5.首次把正当防卫作为主题搬上大荧幕，且剧情合理无硬伤，全是细节，法律人如我，DNA动了，狠狠共情+破防，真诚推荐票圈法律人尤其是刑事律师都看一下，最后一段雷佳音的高光简直就是咱们在法庭辩论阶段发表辩护词的情景再现！,5stars
两小时的设问式剧情并不浪费，让我看到了中国式法治的进步。,5stars
题材不适合新春，但仍然是贺岁档里面比较适合带父母去看的一部，整个故事演绎得有一种神奇的割裂感，你一边听着雷佳音和马丽吵架都想笑，一边面对实际案例的时候又忍不住哀叹人生现实。,4stars
绝对的五星好评 这种电影出的越多国家才会越好 1个月前刚经历一次打架 我轻伤二级 最后对方赔了9w说实话 我并没感受到公正 雷佳音听证会说的每一句话我的心里都在激动！,5stars
全片最幽默的点就是最后一段煽情的演说，就把全部事情扭转，寓意不听这段演说的话，大多国家机关领导就是办事机器，冷血无情呗，这么理想化的么…,2stars
"节奏感很好，剧情紧凑不拖沓，几位演员的演技十分在线，是我目前看的新春档，个人最喜欢的电影。马丽把一个紧张严肃的剧情，添加了几分幽默恰到好处。
真的好看，又有笑点又有泪点，（建议大家多带点纸巾）我只能说不愧是张艺谋导演，韩明一家人是提供乐子的源头了，韩明伸张正义，李茂娟也主张正义，韩雨辰见义勇为，一家人物形象都很丰富。充分的体现出人物形象的多样性，也深化了电影的主题。",5stars
你们不要再吵了,3stars
很闹腾，像在看小品，但不好笑，还很长,2stars
"如果一部电影做不到使它的观众产生认同感，做不到使它的观众感同身受，做不到使它的目标受众跟着导演的节奏喜怒哀乐，那么这部电影就远远谈不上是一部优秀的电影，不管它的票房有多高，它的艺术生命也注定不能长久。
《第二十条》想要引发哪个群体的共鸣？
这个群体，是与张贵生有相同或相似遭遇的人，是温演森们，于欢们，于海明们，赵宇们；是心怀正义，一腔为国为民的热血，却触犯了一些人的官位子钱袋子的人
；是良心未泯，替他们着急，替他们难过，但由于种种原因，却做不了什么的人。韩明检察官，就是这样的一个代表。
这三批人的共同特点，就是对社会充满了热爱，相信世间的美好，相信正义终会战胜邪恶的理想主义者。
很遗憾《第二十条》的豆瓣评分只有7.7。
致敬最高检。致敬张导。",5stars
前半部我脑袋一直嗡嗡的，觉得自己有病才会大春节的花钱来电影院看夫妻斗嘴吵架的戏码。还好最后一段挽尊，有被打动到。也有点心疼吕玲玲，一直为此努力与争取，但最终却依旧要靠别人来发声。,4stars
不得不说张译真的演活了校领导角色，反派形象透过眼神和轻微颤抖的嘴角淋漓尽致地展现出来,5stars
夫妻对话这部分实在太差，废话太多，在凑时长？跟电视剧似的。 赵丽颖演的好。  jump那段最好,3stars
挺失望的，夫妻间的摩擦占篇幅太大，也过分依赖语言输出，很电视剧，喜剧效果也不达标。提倡法律公平公正，以人为本的出发点是好的，但三个案子都是高高举起，轻轻放下，似乎要触及点什么，但终止于隔靴搔痒，最后用一场结案陈词一样的演讲来强行升华主题制造高潮，普法目的达到了，但显得简单粗暴。全明星阵容，表演都比较成熟流畅，但除了赵丽颖，也没什么惊喜。,3stars
雷佳音这个演员的表演，感觉已经达到了一个返璞归真的地步。能让张艺谋连年合作，有真本事。张艺谋设计的故事本身也是十分精致，又精准地捏牢了观众的兴奋点。只要走进影院跟大家一起看就知道了，笑声不断，好评如潮。一如既往的高水准。,5stars
做人要理性平和，见义勇为第几秒算互殴，第几秒算伤害，多打一秒，那就毁了一生。做事要平稳圆滑，挨打不能还手，吵架不能顶嘴，妻子上司和歹徒都要笑脸相迎，多说一句，就毁了前途。我们都做理性的人，没有情感，没有仗义，没有愤怒，甚至没有绝望。从来如此，就算对吗？法律是为人服务的手段，不是目的。当人对法律绝望，法律就该给人让路。,5stars
韩雨辰帮被霸凌者捡起衣服这一幕细节处理好棒，这捡起的不仅是衣服，更是被霸凌同学破碎的自尊，为正直的韩雨辰点赞！,5stars
政治意图明显的主旋律+毫无意义的插科打诨+情景剧般廉价的视听语言+义正严辞慷慨激昂后全体起立鼓掌……很好，我最讨厌的元素全集齐了，真恶心。,1stars
我只想说，超过我预想的，非常好看，当然每人观感都不一样，你去看才知道,5stars
"题材五星，剧情五星，选角五星，演技五星，台词五星，全部五星！！！⭐⭐⭐⭐⭐
国师功德无量！！！
㊗️国师身体健康，长命百岁！！！",5stars
失望极了，全片精华不如就把雷佳音最后的长篇演讲摘出来剪成法制宣传片在各大机关单位循环播放，喜剧内容实在是画蛇添足，从头到尾只觉得男主角说话好吵，家长里短的台词听得我头昏脑胀，主线案件还没讲明白就乱插各种支线案件，前边提到“强奸”时我就大感不妙，果然在结尾导演不忘本地添加了一段令人发呕的“强奸”戏份…张艺谋真有你的😅,2stars
《第二十条》在剧作层面完成了一个非常棒的故事，在有效的故事冲突中，又融入了法理人心和社会反思，虽然在春节档看到这样的电影有些沉重，但借助春节档的巨大市场能量，这个故事应该会引发更大范围的共鸣。,4stars
这种道德与法律冲突的问题现在居然还有人在拍，一会儿农民工暴力讨薪，一会儿又校园霸凌，一会儿公交司机见义勇为，张艺谋这是看了多少社会新闻，乱七八糟，生拼硬贴。手机的设计还挺有趣，每次响铃都是工作与家庭的一次冲突与对撞，但这种题材二十年前冯小刚已经拍过了。两个多小时如坐针毡，完全就是电视剧的拍法，所有的信息都在台词里，镜头语言丝毫没有。人物动机莫名其妙，可谓是政府官僚气与地痞流氓气的交锋，比比谁更没人性。马丽好不容易有次突破演技的机会，结果撞到的是晚期张艺谋，倒霉。张艺谋好好弄都市小品不行吗，非得植入这么多价值观。唯一一点值得的就是把老百姓的憋屈搬到了台面罢了。,2stars
赵丽颖不错的,5stars
张艺谋比贾玲厉害十个韩寒，笑点更高级，质量更高，个人认为全片最出彩的是马丽和雷佳音的戏，赵丽颖毫无影感，算个合格的电视剧演员。,4stars
来来回回吵，下个两次够了，反反复复就好讨厌😠,3stars
谁能想到，老谋子把一个普法教育片拍的这么精彩：三条故事线都聚焦于正当防卫这一主题。主线故事曲折离奇，张贵生执着悲剧带给观众巨大冲击，韩明家庭线马丽和雷佳音的拌嘴则是我爱我家式的家庭喜剧幽默，最后的听证会更是情与法、理性与情感的精彩演绎与表达，为“法，不能向不法低头”鼓掌！,4stars
张艺谋导演之前拍过不少有关于要说法的电影，从《秋菊打官司》到《有话好好说》再到《第二十条》，最难的地方就在于如何将大命题融入小生活，好在国师每一次的切入点选择都非常巧妙：让执法者变成受害者，平日里熟悉又陌生的条文条款，从来没有像现在这样震耳欲聋。雷佳音的软与马丽的硬，在法理和情感的双重语境当中本末倒置，有脾气的不懂法，懂法理的没脾气，一张一弛之间，形成一种特有的喜剧魅力。本来想着小事不出错，大事不出头，人到中年一片岁月静好，可是当事情落在自己头上才明白，正义与公理不是天上掉下来的，是不断争取来的，在这一点上，本片的叙事策略对标的应该是《辩护人》。法律应该是让坏人犯错的成本更高，而不是让好人挺身而出的代价更大，国师以轻松幽默的生活影像回应民众的朴素期待，做出了真挚的自我表达。结尾演讲略显说教。,4stars
"个人预定贺岁档最佳。

但不能细思，老百姓想要的公平实现起来忒难。",5stars
赵丽颖的聋哑人演得太好了，一举一动真的完全就像一个听障人士，有看到她的用心！,5stars
悲剧内核，喜剧叙事，笑着笑着就哭了，哭着哭着又笑了。,5stars
既非纯良，也不有趣,3stars
非常厉害！张艺谋牛逼。,4stars
笑中带泪，“办的不是案子，而是别人的人生”。,5stars
张艺谋这些年总在尝试新的表达，今年终于回归拍出大红灯笼高高挂敢于直指社会压迫和不公的那个他。这部片子很少用他擅长的鲜明构图、色彩进行镜头语言输出，而是聚焦剧情和案件本身，用角色之口说出普通人的迷茫和诉求，这种方式对于这部电影的呈现效果来说还是很加分的。,5stars
经典商业片，笑点靠演员演技撑起来，剧情设计太明显。最讨厌编剧随便把人写死然后煽情，而且把死亡放在笑点后面，真的有种恐怖片里突脸的不适，同样不适的还有复刻强奸的段落…,3stars
人到中年想要踏踏实实不惹是非很正常，可生活中如果面对困难都默不作声那社会该变得多冷漠啊，最后透过四十岁的韩明，我看到了人推动社会进步的巨大力量,5stars
真的一般，而且没什么主心骨，节奏乱的不行，没什么想看下去的欲望,1stars
"第二十条看了，电影片名来自于刑法第二十条，这一法条曾经被称为“僵尸条款”，所以也被一些律师戏称跟爱情一样，听说过，但没见过。2017年“辱母案”半激活了这一条款，于欢从无期徒刑改判为5年有期，2018年“昆山龙哥案”则彻底激活，反杀龙哥的小伙没有被起诉。影片愿意正面反映我们曾经法治的不足，这本身就需要很大的勇气。

而张艺谋这次的呈现也是一种风格尝试，让现实主义题材真正回归到现实二字，真实而自然，在剧本扎实的基础上，三条线相互交错节奏很好，更重要的是群像的塑造非常立体，整体选角很出彩，各演员的演技也都很棒，印象深刻的，马丽，赵丽颖，高叶三个女性角色都刻画得不错。

电影说得没错，法律的权威来自于人民朴素的情感期待，大家那么难还要去打官司只是为了要一个公平正义。所以就是那句台词：公平！公平！还是TMD公平！",4stars
我真的恐女性被qj的镜头了，为什么展现女性苦难一定要用这种方式呈现？,2stars
有点吵的同时台词又很好,5stars
水平很差，像是开心麻花或者大鹏拍的。,3stars
稳，准，狠。国师古稀之年仍在进步，敬畏。,5stars
看中觉得敢说，看完知道法条已经修改,5stars
为了合家欢而合家欢，马丽和雷佳音拌嘴感觉太多，有些刻意,3stars
加长版小品。不可否认立意不错，但吵吵吵吵的实在让人受不了。,3stars
其实最后，是有一点在硬搞,4stars
节奏还不错，有笑点也有泪点，属于阖家欢乐的好电影,5stars
这么好的片子排片太少了、电影院该好好检讨检讨,5stars
本来电影主题值得深挖，但是故事逻辑不通，时长注水严重，俩主角为了笑点耍嘴皮，最后硬上价值，用情理绑架法理，非常一般。,2stars
本谋丝也有点吹不动了。我只能吹吹谋身体好、胃口好了。感觉谋对待电影像个暴食症患者，不是饿，只是单纯的喜欢咀嚼。,3stars
甲辰年看的第一部电影，带爸妈一起来的，爸妈倒是都很喜欢。立意难得，看的时候想到了过去几年看过的很多个新闻案件的讨论，都是正当防卫被判防卫过当或故意伤害。电影讨论的也是这个问题，一旦出手就被判互殴，那被欺凌的时候是不是只有忍辱受欺一个选择？电影里的几组情节线互相缠绕的同时也互为镜相，叩问的其实是同一个问题，自己被欺负了能不能还手？眼睁睁目睹别人被欺负、能不能出手？讨论法律问题非常敏感，电影最后给出的处理其实还是在法条本身找到依据。第二十条的意思，就是讲公民有正当防卫的权利。演员阵容四舍五入就是漫长的季节➕狂飙，全员熟面孔，雷佳音和马丽演一对柴米油盐中年夫妻是驾轻就熟，小惊喜是蒋奇明，演一个不讨喜的小角色，为虎作伥的律师，依然把扁平人物演出了延伸感。,4stars
全靠赵丽颖跳楼推进…,4stars
只能说挺好看的吧，能吸引注意力看下去的感觉，但那激昂的演讲实在是有点太假了，假得我不敢相信这是2024年电影院里看的电影。,3stars
赵丽颖别太会演了，带着女儿向韩明一家比心的那个画面，本观众瞬间落泪了，希望好人有好报,5stars
很沉重的话题，张艺谋是勇敢的，但雷佳音和马丽吵架的戏份太多了，想看八点档家庭肥皂剧，赵丽颖的演技在大荧幕上还有进步空间～总的来说半小时好电影吧～,4stars
无论如何，你不得不佩服张艺谋的拍片频率和质量。而且他的春节档影片已经逐渐形成了自己的特点，探索出了一种独特的风格，主旋律之下的轻喜剧，在轻松欢笑之余，就可以把法律意识普及到位，而且没有说教，没有大道理，通过几个小人物的案件，把法律对人和社会的影响说得清楚明白，发人深省。雷佳音和马丽的组合，比沈马组合更有意思。,5stars
全程吵架对吼，春晚式小品烂梗，根本没有笑点，还毁了一部严肃普法题材电影。难看他妈给难看开门，难看到家了。老谋子不太行了,1stars
除了马丽和雷佳音吵初恋的事儿吵得有点久 三个正当防卫的故事线都很清晰完整 上一秒还在笑下一秒就开始流泪 这次春节档里最喜欢的一部,5stars
有意思，絮絮叨叨，但是细节挺草率的，转折都是一句话，跳个楼所有人都改口了，学校保安直接破案。,4stars
对话戏可以当教科书了,4stars
三个人在一个饭桌上吵两件事，真的很难拍好。张艺谋真厉害。,4stars
剧情小品水平 镜头电视剧水平 两小时刑法第二十条普法宣传小品一点不夸张 演员的选角确保了演技的下限 雷佳音马丽吵架让我真实看到了我爸妈在家日常拌嘴状态 据理力争 有来有回 互不谦让 脱离核心,3stars
开篇出品方从开心麻花到时代峰峻，演员从《狂飙》《宇宙探索编辑部》《漫长的季节》再到自己宇宙的各路熟人大乱炖；用句“内娱卧龙凤雏”大全毫不夸张…至于角色被排列组合，两组一小吵，三组一大吵，更多人出场就是互殴；讲不下去就来个让人措手不及的转折，末了强上价值。不是说不好看，而是太吵太杂了…哪怕只是单拎一条线好好讲，再煽煽情也会更好。P.S. 1）我丽好拼啊。2）“牛耀文”虽然看起来有点木头，但莫名搭着hunk和twink的混搭气质，居然还可以（我是不是饿了）。,3stars
搞笑是真的蛮搞笑的，又觉得有点讽刺，什么时候检察官有这么积极了，几乎把jc的活儿都包干了。话又说回来，公检法系统认识人就是方便哈，普通人哪有亲舅舅好使。,4stars
这几年热门现实题材影视作品里的老中青演技派全上场了。有意思的是，在一众影帝里发现，赵丽颖和马丽的戏真好，比预期的还要惊艳。结尾很《辩护人》，芥末梗很卓别林。韩国底层现实题材+春晚小品对白+价值升华拼接出了受欢迎的中国特色法治片新模式。,4stars
马丽演技细腻全场最佳。结尾那段独白有点舆论干扰司法的意思了，感觉很多公检法基层会骂，因为工作量真的多，每天都是良心和生活的权衡和纠结。,3stars
很好的题材，可惜老谋子已经不是当年那个拍出《秋菊打官司》的他了。故事有逻辑硬伤，但大体上还可以，不能理解的是为什么一定要处理成喜剧呢？很多地方不仅没笑出来，反而感觉到了浓浓的不适，一些男女关系桥段的设置真的毫无必要。三位女演员都很优秀，但赵丽颖那个角色凝视意味实在太浓太浓了……雷佳音继续游刃有余地演着他的窝囊废，那一段台词的确令人心潮澎湃，可惜，收尾又是一张张ppt，国产犯罪电影中那最不可或缺的元素。,3stars
3.5。家庭碎嘴子戏份太多了，后面看的有点脑瓜子疼。,3stars
无聊，剧情散的很,2stars
观后感…脑袋瓜子嗡嗡响,2stars
片名四个大字出现时的音效狠狠击在观众心头上，我就知道这片不一般。还得是张艺谋，没有拍成流水账一样的剧情，很好地拍出了稳定最重要、利益其次、公平最后，而恰恰最被忽视的公平，才是我们最应该去维护的，电影恰恰给到这种思考，法律是冰冷的条纹，但检察官作为人应该是有温度的。,4stars
王响还在为儿子讨说法，马德胜还做着大条的警察，邢建春去工地做了保卫科长，王北不好好学习成了校霸，连傅卫东似乎都在监狱里自学了法律，治好了聋哑。打一个响指吧，帮肾衰竭的沈默，摇醒那个太阳。,暂无评价
赵丽颖的几个镜头爆发力好强，遭人欺辱后的绝望落泪，女儿丢失后的无声愤怒，天台上一跃而下的悲鸣，太戳人泪点了,5stars
非常非常一般。没想到张艺谋沦落至此了。全片的剧情竟然是由人物的嘴皮子推进，剧情里的人物为了剧情而强行降智，没有逻辑可言，让我看的一头雾水。看的出来导演为了让观众看的不那么憋屈加了大量的对话，争吵，穿插着幽默，前面的一次两次还能让我笑一笑，到后来经常出现两三个人吵来吵去实在是让看电影的我坐立不安，看的我又吵又烦。其实这个选题非常好，但是导演并没有拍出理想的效果。毫无逻辑的剧本+无厘头令人讨厌的大量争吵一星，题材和演员加一星。,2stars
大过年的，这部电影各种营销赵丽颖，害我一直以为马丽是客串，原来马丽才是女主。（ps赵丽颖在大荧幕演技拙劣）,1stars
还行，就是一个问题郝秀萍不跳楼，这案子是破不了吗？,4stars
喜欢马丽高叶，笑点基本是马丽贡献的，很多老戏骨，熟面孔,5stars
with jm 吸引。节奏还可以，但是角色设定上我真的受够了这种冲动暴躁胡搅蛮缠的女人（两个主要女性角色的形象）弄砸事，表面蝇营狗苟内心理性正义的男主大英雄拯救一切。女性的功能是引导男主回忆起理想信念觉醒，让男主用一段慷慨激昂上价值 叙事自我中心的演讲赢来大团圆，太烂俗，也很假。,2stars
老谋子总算是稳住了，同坚如磐石相比，第二十条显得更扎实，同样是片尾公布罪行判决的字幕，第二十条因为有了雷佳音那段振聋发聩的讲话更加立得住，故事讲的也是节奏紧凑环环相扣，总算是没浪费这些个好演员。,4stars
诈骗。马丽的角色在里面我就看到了社会对家庭主妇的偏见，无理取闹，爱吃飞醋，强势，为家庭奉献自己的一切，两个人从头吵到尾对剧情推动有什么大作用吗？吵得我脑瓜子真的嗡嗡的 儿子阻止校园霸凌那条线写的真的太烂了 两线是怎么并起来的 稀碎 雷佳音的角色从头到尾这么忙我不知道在忙什么 感觉从来没有去尝试推动两个案件的进行 然后还有zly那个跳楼我实在是不解…电影在宣扬什么价值观？非要逼着当事人用伤害自己的方法去得到法律的保护和谅解吗？还要用流血的方式来变革吗？电影里面还出现了一些很奇怪的角色和剧情，删掉完全没有影响，马丽哥哥的角色来干啥？大包大揽收酒之后不办事，既不想在电影里面表现公职人员滥用权力，又要拍。还有为什么要拍高叶和田检的感情线？有什么用？非要给女性公职人员加个对自己有好感的上司吗？sjb！,2stars
它关照的是现实深刻议题，呈现方式却是喜剧口吻、轻松画风。三组事件琐碎细密串联一处，演出的是众生百态人生欢苦。也许很久以后这些当事人们回过头望，那些艰难困苦都成了云淡风轻的事。但只有他们自己晓得，是怎样撞破那扇门，怎样拨开那云雾，经历了怎样一番淘沙沥金，做出了怎样的努力与奋斗。我们唯一能做的就是经受它，穿过它，向前看，别回头，然后找到透出光亮的豁口。,5stars
太拖沓了,1stars
马丽赵丽颖雷佳音不愧是实力派演员，让我又哭又笑的哈哈，爱鼠第二十条啦,4stars
赵丽颖你真的我哭死,4stars
片尾最耐人寻味的镜头，不是雷佳音一番震撼人心的慷慨陈词，而是他讲完之后、第一个带头鼓掌的人及其身份。,4stars
太理想化了,3stars
就是太啰嗦了。。。。剧情衔接奇怪、强行煽情,3stars
强推。有尺度，有深度，有功力。没想到台词这么多，笑点竟然这么密集。更没想到，在这笑声里揉进的，是人世的苦涩，法律的苍白，和社会的悲凉。一个个角色都试图突破所处世界的残局，一个多数人靠退步、妥协、屈服换来的表面和谐的世界。最讽刺的莫过于打破这残局的，是一个无声的母亲的生命。也让我们明白，原来正义公平来之不易，都需要争取，需要见血！,4stars
虽然剧情有点拖拉，赵丽颖演技真的绝了！！！,4stars
以为小赵是女主，结果不是，这不是诈骗吗，营销的那么好，就是拿着小赵营销，不就是看中小赵流量吗，真的无语,1stars
觉得张艺谋这次拍得不错。虽然有的片段吵得脑壳嗡嗡疼，但感觉现实有时候更吵，在没有遵循类案的情况下坚持意见开听证会的努力真的很难……,5stars
咋节奏就这么稀碎呢，支线着墨也太多了,3stars
"我是一个理性的人，所以一直认为法律的存在就是理性大于感性的体现。
今天看完这个的想法是，理想主义必须存在。
",5stars
能不能把那些无聊的所谓笑料删掉，好好讲述三个故事？不能呢，因为需要春节档这块肥肉呢。我在两个多小时里不停地看到小夫妻“斗嘴”，耳膜严重报警。看不到老谋子的色彩美学，只看到剪得稀碎的镜头和一些密集没意义的台词以及电话推进情节这种电视剧的常规操作。,3stars
没想到赵丽颖演母亲还挺适配的，不用言语也能通过眼神传达会意，好会演！,4stars
看的浑身难受 踩雷😭,1stars
非常的ideal，但是还是挺好看的，赵丽颖演技变好了很多,4stars
"最后的检查证据出来太“轻巧”了，
而所有时间都在马丽、大头搞笑对话，
一出“喜剧”！",3stars
emo我会天天为你祈祷要长命百岁的，中国电影没你不行，张艺谋yyds,5stars
还得是国师，兼顾了社会意义和娱乐属性。前半段拍出了国内司法和稀泥的精髓，虽然是喜剧但是笑着笑着就笑不出来了。后半段开始上价值，虽然我们的电影只能滞后于社会变革，但是能上映就已经很不错了。,4stars
马丽和大头的对手戏笑得我头都要掉了。,5stars
没搞明白高检搞这个片子啥意思。。我以为第二十条改了呢。。赵丽颖要不跳楼、杨皓宇要不被撞死这事儿可咋整。。这种普法的方式等于啥也没说啊。。还有误导嫌疑。。🤣🤣,3stars
春节档第一部看完，前半段是生活琐碎的日常喜剧，后半部分严肃现实，比想象中好太多。看似都是家长里短的琐事，但其实不好拍，电影用一种生活化人际关系中的常态，来展现各方视角下正当防卫引发的裂变效应，认知差异，分歧不断，矛盾升级，最终变得失控，利弊层面影响着个人和家庭，而造成这一切的原因又是为何，这个问题同时抛给了观众。,4stars
当个春节档商业片看吧。前半段很多无聊的春晚式笑点，去年看《满江红》的时候配乐加大分，今年少了配乐就少了额外的加分项。以法律条文《第二十条》命名，到最后却更像是在歌颂个体的英雄主义，倘若韩明最后没有醒悟呢？又或许电影本身更想强调的就是法律人对公平正义的执着追求是程序正义与实体正义之间的最后一条纽带。另外就是父权社会下的叙事总是喜欢将女性的价值放在幕后，最后赢得所有掌声的往往都是男性。/题外话，赵姐真的让人眼前一亮；夸夸蒋奇明杨皓宇陈明昊，我觉得好的演员是要个人风格轻一点，才能更好的塑造不同的角色。,3stars
法，不能向不法让步！,5stars
强行煽情，强行转折。从去年的满江红到今年的正当防卫，都是最后不顾剧情合理性，强行升华强行煽情。坐在电影院里完全笑不出来，如坐针毡。本质上还是老谋子的春节小品。,2stars
出发点是好的但是太过理想化 听证会嘴炮把我尬住了……,3stars
这电影在演啥啊，法律人不专业，普通人连基本法律常识没有，全程吵吵，到底办案子呢还是家长里短，一会这一会那的，不知道到底说什么，大过年看憋得慌,2stars
能把任务片、商业性、社会表达平衡成这样的，也就只有谋谋了。很多时候梦回《有话好好说》，一样的吵得脑仁儿疼，这个要表达的东西还要更多塞得更满，不过放弃了视觉上标志性的色彩特点，一门心思奔着戏剧冲突和台词转了。雷佳音好可爱啊，宠物型人夫，想rua。,4stars
不管科不科幻，能把法律拿出来谈就是很大进步了,5stars
对雷佳音有些看疲劳了,2stars
"《刑法》第二十条
为了使国家、公共利益、本人或者他人的人身、财产和其他权利免受正在进行的不法侵害，而采取的制止不法侵害的行为，对不法侵害人造成损害的，属于正当防卫，不负刑事责任。
赵丽颖牛死赵丽颖哭我跟着哭，对于赵姐来说又是一次全新挑战，郝秀萍角色塑造的很好，五星为赵姐而打",5stars
。。小品电影，，为这点醋包这大顿饺子至于吗。。剧情逻辑漏洞好多好降智，，世界是一个巨大的草台班子。。。谁恨马丽吗按的什么人设啊，，至于吗看得脑瓜子突突的。。唯一能代入的竟然是雷大头，窝囊废不是舒适区是特么统治区好呗，这样高光还全给你了。。。最喜欢的戏是张译马丽饭桌那场，和郝秀萍跳楼那场，，全靠演技撑着。。好一个理想主义好一个落不到实处的美化，不是法学生都要被创s了，，我只能说社会立意+1星吧。。我特么50块票钱啊😰,2stars
可以，张艺谋还是老的辣，真没有勇气看第二遍，又哭又笑，正中之正，是一部很有意义很让人惊讶的一部电影。里面的三起案件都是发生在我们身边的，三件案件穿插在一起并不混乱。马丽不再是一如既往的纯搞笑，雷佳音最后一段叙述很震撼，赵丽颖的演技惊天了，郝秀萍一出来我就哭。不敢再看第二遍，后劲太大了 ,5stars
老谋子技术很娴熟，节奏把握得很好，所以看的过程当中不过脑子的话很容易被代入情绪，时而笑时而哭的，我看的场次最后还出现了掌声。但是老谋子给我的感觉就是一方面讨好了裁判，另一方面又得讨好观众朴素的情感，迎合的痕迹太明显。我有个铁哥们是个刑警，当年高中想考导演没考上，他过年的时候跟我说，很烦这种拍现实题材又不敢说清说透的电影。我其实也是这种感觉，现实逻辑不是如此，但为了裁判的面子，为了大过年的氛围，我们怎么能或怎么配有悲剧。大家都知过审不易，但国师显然也是四处不敢得罪，所以，略比另外两部大热门更有现实关怀，本质上当合家欢乐片来看就好，电影结束时的掌声就没必要了。,3stars
挺好看的，但是张导真的很爱拍强奸镜头，作为一名女性观众略有不适,4stars
说实话，很一般。真的不喜欢刻意煽情，有一种为了煽情强行上价值的感觉，看得我很尴尬。,3stars
中间夫妻拌嘴的情节太多了，有点审美疲劳。,3stars
整部电影看下来真是一惊一乍的，开始是觉得节奏奇怪，喜剧的风格融进严肃的法治话题里有点难适应，但看完后要是没有这点喜剧，绝对会把电影拍成一次极其生硬的“上课”，张艺谋每次都会带来陌生感，但每次都也是一种新鲜的感觉，让人思考电影的形式究竟应该如何做更能抵达它的目的，这部电影或多或少做到了。,4stars
真实地浪费了核心主题，比春晚小品味儿还冲。剧本有值得夸的地方，但整体观感太煎熬，受不了在电影院看这样的东西。,2stars
节奏看的让人非常暴躁，为了最后的那一下很多地方都有点刻意了，不知道是不是有意为之，好几次让我觉得看似见义勇为的人反而非常冷漠。,3stars
能给到四星。叙事清晰又松弛有度，张艺谋的电影，还是值得期待的。赵丽颖出场虽然不多，但是真的挺惊喜的 。马丽和大头的吵架有点多且贫，稍微少点就好了。,4stars
赵丽颖哭戏真的好有感染力，看到郝秀萍哭，我的眼泪也不自觉的流了下来,5stars
"是一部看完会有很多思考的电影，哪怕最后雷佳音那一番激昂论述带来了观众最想要的结局。
因为它题材严肃，讨论的是法律条规应该怎么用、具体问题需要怎么执行，背后是“昆山龙哥案”“福州赵宇案”“云南唐雪案”“河北涞源反杀案”等引发过社会激烈讨论的真实案例。张艺谋敢拍这个主题，也只有他能拍得这么老少咸宜、既有生活有情感又有理性有呐喊了。
雷佳音和高叶、王骁就案件进行的每一次争执都在刻画检察官们办案的严谨认真，马丽演的妻子和姐夫李队的埋怨又侧面展示了检察官们为实现公平道义付出了多少。有热血沸腾也有对生活的顺从，反复思量后的那段发言才能直击人心、才不落俗套。
或者说，其实这部电影的主创和片中人一样，都不容易……值得一份敬意。
",4stars
张导的贺岁档从此不会再看，从满江红到第十二条，连个基本的故事逻辑线都没有，东讲一嘴西讲一嘴，最后拼拼凑凑,2stars
立意是好的，演技也都在线。歌颂弘扬是好事，但是实在厌烦此类并不怎么能落到实处的美化。,3stars
所有事情都是通过简单的一句话就告诉观众解决了，但究竟是怎么解决的呢？一个透明的过程，或许和结果一样重要。,4stars
"个人感觉该片还是优大于劣的，电影层面本身没太多可挑剔的，老谋子的基本功依然扎实，而且很难得拍出了他上个世纪电影里才有的家长里短和“轴气”，略显尴尬的是吵架戏份偏多了，而且有一些并没什么营养……
当然，影片真正的主菜是对于社会法治环境的表现、控诉和诘问——大约是这些年所见所闻所感所想，我其实对于这种质问已不像过去那样上头了，公平和正义即便存在，也注定是滞后的，如今的司法程序虽不算最好，但肯定是最不坏的……
不过《第二十条》借“正当防卫”所发出的声音，仍然具有宝贵的价值，它再次强调了正气和公理，以及事情应有的样子，哪怕只是让观众们在心中多问几个“为什么？”影片便也是功德无量。",4stars
不容易，老百姓的社会现实糟心的拍了出来，虽然检察官和警察局长不太符合现实，现实中早摆平了，还什么不能违规操作,3stars
《第二十条》很好看，印象最深的一句话：我们办的不是案子，是别人的人生。,4stars
优点是现实和喜剧的融合很自然，缺点是虎头蛇尾，前面的重重阻力是对现实批判，然而后面突然的柳暗花明大团圆结局，又让前面的批判和思考失去了力量。前半段你感觉导演是想去深刻揭示一些社会的幽微与复杂，后半段你才明白人家只是想给你普法上课，是伟光正的政治任务，立意上跟春晚小品也没有太大差别。,3stars
真的反映了我们普通人可能会面对的窘境，有时候我也想去帮助身边的人，却又害怕会因为“多管闲事”而给自己惹麻烦。不过就像韩明所说：“法律应该让坏人犯罪的成本更高，而不是让好人出手的代价更大。”,5stars
都说国师选角比点菜还容易，看来写剧本也在参考融合菜，这不就开发出了主旋律普法神经喜剧的新类型嘛。另外，吵架占比超过80%的戏，是否可以考虑一下台词的overlap技巧？,暂无评价
坚定了我大学选法律专业的信心,4stars
具有张艺谋创作精髓的一部电影，写实的片子但整体调性是轻松的，语言喜剧消融了部分现实主义的沉重，马丽雷佳音你来我往的拌嘴温馨接地气。三个案件从职场到家庭视角的转变也合理了人物转变，“你凭什么相信我？”的发问可能也是韩明对自己最后的质问，那个曾经义无反顾的理想主义者。春节档个人最喜欢的一部。,5stars
张艺谋你得注意，拍这几部电影水平差到晚节不保了都快要,1stars
这么严肃的题材真的真的不适合拍成喜剧片，真的笑不出来。通篇的吵架戏吵的脑袋瓜子疼,3stars
笑点真的两倍满江红了 家人一起看的很开心,5stars
现实主义的喜剧剧情片，群像戏出场人物众多，集中铺设角色之间的矛盾冲突点，以雷佳音饰演的韩明的人际关系为核心，多线叙事交织带出三个案件，层层递进来梳理起因，喜剧元素是点缀，本身的立意还是公平正义。,4stars
"前面看两口子吵架看得有点烦了。这种奇怪的初恋家庭误会真的很老套。耀文哥有时候会把我帅到但是一开口我就有点。
最后那一段拉到四星。说得好。情绪也到位。属于是 我知道他想让我的情绪在这个时候起来 可是没办法 我的情绪 我的朴素的情感就是在那个时候被调动起来了。",4stars
讲普通人的故事就好好讲，非要整个上面的领导视察带头鼓掌，那一刻我感觉血都冷了。,暂无评价
是非常接地气的那种喜剧，没有为了搞笑而搞笑，更多是生活里的家长里短。我们看了太多抖包袱的语言梗表演，而接地气的喜剧是最真实和生活化的，没有人比导演更善用镜头语演讲故事。返璞归真不做任何炫技，只为拉进和观众的距离。真挚，亲切，有趣，这就是发生在你身边的生活，没有比这样的喜剧更适合在春节档合家欢观影的，我可以把每个角色投射到生活中对号入座，喜欢这份质朴。,4stars
好几次破防。公平和正义在现代社会是稀缺品。世界需要理想主义。谁还不是蝼蚁苦命人呢。,5stars
没想到家庭情节剧、语言喜剧和律政戏可以缝合成这样的效果。本质上可以说是一部关于“说话”，关于“阐释”的电影。所以赵丽颖的角色也才会被设置为无声的聋哑人。家庭部分的琐碎拌嘴是日常的说话与阐释。霸凌者与被霸凌者彼此对真相的拉扯是关乎权力的说话与阐释。现实主义部分里聋哑一家人在恶霸的淫威下挣扎，则是对生存规则和剥削规则的阐释。至于法律如何判决，法条如何遵循，那又是更高层面上的阐释了。在这些细细密密、或宏大或烟火的阐释系统里，普通人只是想要自己拥有自己生活的解释权而已。,4stars
夫妻吵架的情节太多了,3stars
从小到大的三个案子串在一起，明明挺好的题材，浪费大把镜头在鸡毛蒜皮的极其无聊的争吵上，烦得很！,2stars
全片只有拴狗链和反杀那里让我觉得有张emo的风格，其它尤其雷佳音玛丽的戏份太多且拖沓。对于检察官的刻画让我看完电影想再看一遍沉默的真相,3stars
谋老爷子拍电影要不还是呆在自己舒适区吧...为什么要浪费时间和马内去影院听他们吵架...一塌糊涂,2stars
这年头找两个喜剧演员吵架，只要最后强行点题升华，就可以叫做电影了是吧？,2stars
画面很有生活气息，特别是一家三口的生活化互动能让人get到家庭的温馨和欢乐,5stars
架空宇宙之“判例法国家大法官的判决陈词”。,3stars
往年我们谈xf第二十条，伴随的都是沉重和严肃的社会讨论。基调放在这里，参与讨论的人就不会多。老谋子这部电影却另辟蹊，让大伙儿在热闹的春节和家人一同观影，体验也是轻松愉悦的。处理办法是由小见大，讲述咱们老百姓自己的日常，无论是平头百姓还是检察官都拥有微小幸福也都会面对各种烦扰。生活也要讲原则底线，普通人也要追求正义公平，多么朴素的道理但放在现在这个社会又何其珍贵。这是一种极其宝贵的劲头。法律和人情本来就是并行不悖的，用温情软化了案件的悲凉才让人看得又哭又笑热泪盈眶。老谋子拍到我心坎里了，这种影片以后应多来，牛逼！,5stars
"迎合春节市场废戏太多
主题内核隔靴搔痒
最高检影视中心指导。",3stars
“法律的权威来自哪里？难道不是老百姓最朴素的情感期待吗?”《第二十条》，很真实的一部片子！,5stars
蛮不错的，通过真实事件了解到正当防卫，第二十条整好解决了我不想死记硬背法条的苦恼，i了i了,5stars
马丽搬水那段梦回马冬梅，贡献了全片大部分的笑点，特别真实的一个母亲，为了孩子为了老公，忙前忙后操碎了心。适合全家人看的不一定非得就是合家欢电影，只要讲的老百姓的身边事，老百姓都会喜欢，张艺谋拍得依旧很接地气，对检察官来说，每一个案情背后可能关乎的是每一个家庭和人生，得为民做主。,4stars
结尾拔高了整部电影，没想到这么好哭，并非刻意催泪，是真的句句戳到了心窝里，能感受到现场观众的抽泣，如果法律不能作为后盾去维护见义勇为和生死之间的正当防卫，以后人内心的正义感都会逐渐消退，雷佳音再次贡献了年度最佳的一段表演，演技可以封神了！,4stars
"去看看隔壁拍的《八尺门的辩护人》吧
全程看到雷佳音就想闭眼",1stars
"有很多笑点，也有很多泪点。前半部分会觉得稍微有些拖沓，家长里短的夫妻拌嘴争吵，很搞笑但也有点冗长。
全场最期待我赵姐，一出场真是一整个升华电影。演的太好了，真的很形象，我身边有聋哑人，所以能看得出来丽颖演的有多像。最爆的泪点就在跳楼那段。最后的结局也上升了高度。
希望正义永远能得到伸张。
“所有正确的事情都是有代价的 ，但不能因为有代价就不去做。”",5stars
吵的我脑子痛，和春晚照相馆小品如出一辙,2stars
心酸 可是生活比电影还难 大家一开始都是韩雨辰 最后都变成了雷佳音 王铁军这种人在现实中应该不会存在 是理想化的一个人物,5stars
"好多人啊，到底是国师的片子，笑点在吃芥末上，笑死我了

整体感觉偏be，张译那条线可有可无啊",4stars
好笑也好哭，真不错,5stars
没有期待的电影表现还行,5stars
"觉得蛮烂的。看了一个半小时主线剧情没有推进一点。就看马丽雷佳音打嘴仗扯皮去了。。送得票都没看完提前离场。。吵的头疼。。
而我我真的搞不懂。应该是法治片吧。为什么要加一些根本不知道笑点在哪的喜剧元素？？无聊。。。",1stars
"不像近几年拍出来的电影，更像《秋菊打官司》+《有话好好说》的重置版，但是只留下了《有话好好说》的话赶话逻辑和节奏，把本身具备的城市捕捉丢的一干二净。丢掉城市支撑后，让整个戏像一个架空舞台剧，加上本题材的框架，戏本身和现实生活隔出了十万八千里（即使有现实原型）。
另外，把去年所有有影响力演员都抓过来的这种“前时代堆人电影”也只有emo这种人干得出来了，求求了别再拍了。
ps.求求各位行行好别再拍强j了！真看不下去了",2stars
只能说老谋子想表达，但方式依然很陈旧…,4stars
立意挺好的但感觉拍的稀烂。。。又让我嗑到沈马了😌,2stars
对工业化的张艺谋感到无语。虽说看得出他试图在“想讲的”与“能讲的”之间找寻到一条妥协的通道，但抛开主题不谈，其讲故事的能力大大下降这一点是毋庸置疑的。该片在叙述上最明显的不足是笔墨分配失衡，在蹭按摩椅、给儿子擦药、喝酒撸串等情节上浓墨重彩，却对关键情节例如是否撤案、是否涉嫌校园暴力，是否找到凶器等一笔带过，靠一个电话或者一群人在水里摸两秒就过了，故而在观影时有明显的“不平衡感”。国师还是歇歇吧，每年出一部7分的作品真的没啥用。,3stars
3.5 剧本不错，在眼泪和笑声中学习了法律知识，马丽和雷佳音得喜剧部分很欢乐，台词的节奏拿捏得很出色，赵丽颖的表演很真挚；视听如果更好点就好了,4stars
张艺谋对于拍流水线作品已经驾轻就熟,3stars
赵丽颖哑女演的还行，不够一侧脸看到高鼻子，感觉借钱不光看病了，还隆了鼻。正反方都太脸谱化，而且2个多小时啰啰嗦嗦说了一堆无关的，还不如罗翔老师说10多分钟第20条深入,2stars
"为了最后的一段言之有物的陈词加半颗星。集合了这么多明星演员，但毫无视听可言。人家电视剧都拍出了电影质感，张艺谋摄影出身却自降标准，拍的是古早电视剧质感。吵架吵得我如坐针毡，喜剧部分不是不可以有，但太冗长，不喊cut，让人家死命在那吵吵。一个多小时的时候已经觉得怎么还不结束，喜剧部分拿掉电影时长刚好。
蒋奇明演得很好，但人物发挥空间不大，饭桌那场戏没讲清楚。老唐也很好，但最后两段语音不行。
还有，我真的好恨后期配音的割裂感，对任何电影都是。",3stars
好像看了一部小品➕电视剧，我说这快节奏剪辑➕絮叨家常话真的可以少一点,3stars
哑巴怎么演那么好 可惜现实生活里哑巴没有字幕,4stars
科幻片,3stars
平时注意力稀碎的我妈，这两个多小时看下来竟然一点没走神，因为情节铺得密集，笑点也很多，我们尤其喜欢那场三个人在车里吵架的戏，感觉有很多现挂（李队的说话方式跟我大舅好像啊），平行铺开的三条线最后也都收住了。大学的时候也给一个检察院写过短片，小心翼翼什么都不敢碰，当时一个女检察官看完剧本就说，我们平时不会这么文绉绉讲话，我们也会争吵，会有小心思，会犯错。那时候不太理解，也没有创作的底气，所以看到《第二十条》这么鲜活这么敢拍真的非常惊喜。好喜欢高叶啊！好希望她能接更多这样勇敢高光的角色！,4stars
即没有张艺谋的色彩构图，也谈不上逻辑和理性，只有拔高人物泪眼婆娑。看来最高检也认为经济会持续下行，社会秩序必然逐渐混乱，需要开始重新解释法律，将自卫权力还给群众。最后一段，书记带头鼓掌后检察长才赶紧跟上，全体鼓掌，很真实。,2stars
可惜电影不是把握住大方向就一切都对的事情，纰漏百出。,2stars
"不错，很好哭。
今年贺岁档，原本最不想看的就是这部，从预告片看就感觉关于正义的讨论有点太格套了。
看完感觉还行，够闹腾，适合与家人观看
在不义的社会里，好人已经或将要死
女性与孩子是此时此地的正义担纲者，被边缘在或尚未进入权力结构的人可以更真诚地谈实质正义，曾受害的或尚未习惯受害的人可以更勇敢地面对加害者
电视剧感与中特感并存，对于后者拿捏得还是蛮好，引申出很多复杂的问题，无力思考。
“从来如此便对么”与“他有什么错“是以正义电影的泪腺引爆器，也是对正义的苏格拉底式辩证的必问
总觉得，此时此地普法任重而道远，不是差在普及对程序正义的理解上，而是差在对实质正义的麻木上。以利而非以义行事若是此时此地的正道通则，在此基础上谈程序与实质，有何意义，又怎能避免走程序与讲道理沦为达成己利的更优途径算计呢",4stars
太吵的一部电影。小品式电影。张艺谋什么时候能再拍一秒钟这种电影。,2stars
还行,4stars
"唉，作为一个律师，对这电影很无语。
2024.2.26，作为歌颂检察机关的电影无疑是合格的。电影里检察官也很伟光正，是一次挺好的普法工作。",1stars
期待他能真正拍好作品，而不是像上两部满江红和坚如磐石一样,5stars
看到好多赵丽颖营销哭戏片段，以为她是女主，没想到是个只有几分钟戏份的配角。聋哑人的哭戏看得太尴尬了，神情动作，和以往电视剧里的哭戏如出一辙，无法与她产生共情。,1stars
丽颖遗憾水玉兰  但我相信会越来越好！,5stars
国师这旺盛的创作能力,5stars
太吵了,3stars
韩雨辰一家好有爱啊，生龙活虎的，这个家庭氛围谁不爱？,5stars
泪点笑点并存，马丽和雷佳音演技真好。法律的本质是公平正义。裁决的背后是别人的人生。重新对12345信访有了认识。,5stars
【2024】鸡毛蒜皮的争吵情节过多，高潮部分还是男主一个人的演讲……以及，赵丽颖那对夫妻也太没有说服力了。,3stars
马丽和雷佳音天天拌嘴，他俩儿子怎么忍住的,4stars
谁又能懂王永强那溢出屏幕的无力感和绝望呢,4stars
核心司法背景是2020年9月两高一部出台的关于“正当防卫”的《指导意见》。“法不能向不法让步”，是著名的法律格言，出自19世纪中叶著名德国刑法学家贝尔纳。一部如假包换的法宣片，但张艺谋给它披了一件喜剧外衣，放进三个案子，交叉叙事，件件清楚，最终汇聚成一股力量：正当防卫/见义勇为的司法制度必须改革。功力确实老道。一众演员表演到位，范伟的村霸，入木三分。全片笑点多到有一点疲劳，马丽和雷佳音的台词磨得巨溜，但有时都十万火急了，两人还在话赶话吵架，跟小品似的，而剧情走向已经让人笑不动了。泪点很猛，是那种让人满脸是泪、窸窸窣窣包里翻纸巾的强度。,4stars
赵丽颖演的太好了呜呜呜😭,3stars
吵架闹哄哄and如果没有受害者的牺牲，法律和剧情是推动不了呗,3stars
马丽和雷佳音一来一回甩包袱真逗。没想到春节档看雷佳音尿了两回。最后那个“寻衅滋事”打成了“寻畔滋事”，太幽默了omg，世界真是一个巨大的草台班子。,4stars
还可以,4stars
吕玲玲应是主角,3stars
最后20分钟升华值3星，前面2小时太啰嗦了，感觉雷佳音和马丽吵架斗嘴的无聊戏份可以剪一半…,3stars
二刷之后，还是会被张贵生骑着小摩托的孤单背影刀到！,5stars
法律相关一向不好拍，拍深了太枯燥，拍浅了又容易被挑毛病，所以《第二十条》会比以往的现实主义电影更考验导演对节奏和尺度的拿捏。但没想到张艺谋会选择用喜剧来做呈现，几条线并行发展，大到叩问法理和情理的关系，小到聚焦普通小家庭日常里的嬉笑怒骂，整体张弛有度，也很适合阖家观影。,4stars
中华人民共和国刑法第二十条关于正当防卫和防卫过当的认定。电影立意很好，搞笑部分用力过猛，让原本严肃的故事稍显失真，特别是两口子的吵架部分。整个故事的逻辑明显是有问题的，舅舅刑警队队长，爸爸检察官放在当今社会的家庭那是炸裂般的存在，竟然搞不定一个学校主任和欺负孩子的四个混混。这这情节也就是哄哄我们社会底层的傻老百姓能行得通…,3stars
四平八稳，高光部分对“法”的探讨中规中矩，没什么亮点。但有趣的是，在细节方面将一些中国式的、丑陋的人情世故用喜剧方式表现出来，讽刺感十足。,4stars
很无厘头，不明白为什么剧情很散,1stars
矛盾单一，叙事动力本质的匮乏，靠大张旗鼓地拍插科打诨来抻时长，春晚小品凑一凑变成电视剧，而重要转折都是一句话的事儿。更别提根深蒂固的落后性别观念对创作方式的深刻影响，所以《坠落的审判》能够剑指父权话语所形塑的法律体系，而所谓的“新主流电影”只能是权力的撒娇。,2stars
他们太好了 好得让人很难相信,3stars
有点出乎意料，在现实主义的题材里融入了很多的喜剧元素，中和了沉重，前面放肆笑，后面认真听，我心中的春节档top,5stars
受不了，有点太俗烂。,3stars
与想象中不太一样的张艺谋，用相对轻松的商业喜剧的方式打开严肃的现实话题，以一个普通的检察官为轴心，主支线分线叙事，分脉呈现当下种种社会现实，又能统一落笔点题。完成群像化塑造的同时，也让最后的结论输出得顺理成章。繁复大量的家常碎嘴吵骂的台词输出，则非常生活化。这部分的喜剧效果一定程度上稀释了主题的严肃性，更易于观众的接收。,4stars
除了个别演员有些拖后腿，整体算是张艺谋这几年最顺畅的一部；小品式的对话、嘴碎的喜剧效果、足见章法的多线叙事，以及最重要的、能够打动观众最朴素情感与期待的核心。尽管过于理想主义（结尾的圆满仍然掩盖不住处处可见的“法理欺善怕恶”），但春节档嘛，就当是新年祈愿了。,4stars
每个人的演技都非常好！,5stars
可能现实中往往没有影片里的完满结局，毕竟是司法部出品的片子，虽然有点理想化，但还是希望看到更多这类探讨现实主义话题的电影出现，而不仅仅只是为了完成宣传任务,4stars
恭喜emo 开启现实主义3.0时代，还有赵丽颖，我爱你一辈子！,5stars
观众通过韩明等角色的命运交织，感受到现实生活中的种种不易，引发了对社会道德与法律的深刻思考。,5stars
寓意很好，看完觉得有点吵但还蛮感动，3.5吧4星还是差点。总体还是太碎了，三条线去讲正当防卫这个事无可争议，但是家长里短过量了，关键剧情点的车祸跳楼还是俗套，最后长篇演讲令人泪目但更像是罗翔老师普法视频，最不能忍的是ppt放几张结束了。啥时候电影最后都不需要结尾了直接打字自己读了？,3stars
煽情也有 但绝大部分时间 像在看夫妻小品😂,3stars
没抱什么期待去看的，其实拍的水准整体在线，大规模普及一点法律知识也很好，但连篇累牍的家里长短、夫妻斗嘴起码可以删15分钟，特别是围绕男主是否有“二心”实在没必要给这么多戏，某场领导和男主谈自己感情的戏也可以删了，对主题和人物塑造都没什么帮助；不敢批判司法制度的缺陷就用“谈良心”掩盖过去，使得影片缺乏说服力，结局也不出意外，所有不法分子都得到了惩罚，那就希望现实和电影里一样美好吧,4stars
谢谢。但，我不信。,3stars
如坐针毡，每一次吵架都好尬，太无聊了,1stars
不好看 太吵了 太吵了,2stars
不好看不是因为煽情和浮夸，而是主角太过无能。两个检察官办案连证件都不带，看个证人能看丢，被反派搡了一把倒地受伤起来只知道跟老婆撒娇，这种人能成什么事？正派可以弱小，但不能无能，前者只是在规则中行事，后者是被规则牵着鼻子走。说到底，游戏规则是什么不重要，规则是好是坏也不重要，观众要看的是你把规则玩出花来，抓住一切条件为我所用，即使最后被反派碾压，靠机械降神获胜，也虽败犹荣。现在这种蝼蚁一样的主角，观众对着电影院屏幕像在照镜子，大过年的很不利于心理健康。,3stars
我喜欢它的社会意义，也是我春节档唯一愿意给出5星的电影，它瑕疵太多了，但它仍然足够有意义。,5stars
法 绝不能向不法低头,5stars
6分最高也就7分吧，雷佳音和马丽演的不错，整体生活气息很浓厚，这点还是比较加分的。其他的就是满满的槽点和逻辑漏洞，几条线的叙事一条都不完整，完全不像张艺谋的水准，有些失望。,3stars
也许是过年的原因吧 想用轻松的方式去表达一个严肃的主题 造成了不伦不类 无法信服 吵架的戏真的没必要 冗长了 最后法庭戏变为主旋律宣传片 作为张艺谋的电影 属于很平庸的了 赵丽颖的表演还不错...,3stars
张艺谋有点像伍佰，未必是天赋最高、风格最鲜明、最有艺术性的创作者，但是待机时间超长，即便到了当下，依然能交出量大质优的作品，跟年轻人比，价值观或许稍显落后，但技术绝对过硬且超群。把一部普法宣传片拍得生动有趣，甚至一些段落还有点热血，没什么废镜头，也没有多余线索，情与法、小家与大家、青春理想与中年疲惫的对比，环环相扣，剧情紧凑，除了张艺谋，我想不出还有第二个人可以做到。我甚至觉得张艺谋的能力已经是世界级的了，毕竟国外很多没什么限制的导演，拍出的作品也就那样，而张艺谋戴着重重镣铐，依然能奋力而举重若轻地舞蹈，了不起！,4stars
感觉这片上映之后法考会更难了，另外，高叶好漂亮,4stars
"这三颗星完全是为赵丽颖的演技打的！
看完电影很无语，剧中把全职妈妈马丽塑造的形象是一个完全不懂法，各种猜忌，只懂得哭哭啼啼，出了事找老公，计较老公和初恋女友的角色，而且对于剧中疑似设计为笑点的两人吵架，我真没觉得多搞笑，很聒噪！两人各种问题都在吵，听着真的很吵，而且对剧情发展没什么帮助！而女检查官吕玲玲为案件自学手语，而且坚持己见，从一开始就发现了关键线索，在男主还在搞自己家里的那堆破事的时候，人家一直为案件发展做贡献，不阿谀奉承自己的领导，有自己的思想，这种优点你不鼓励，反而成了男主成长记了是吧！把人家吕玲玲的话现搬过来用！那些看似闪光的地方，吕本来就具有啊，你在高贵什么啊！
还有他儿子基本的常识看似有了又看似没有，最后打架不还手好像在和父母赌气一样，换做平常谁会这样啊",3stars
喜剧电影层面，人物形象鲜活，特点抓的很准，台词有生活气息，是真正符合民生和民情的，并且很有幽默感，特别喜欢李茂娟和李茂全这两个角色，实在太有意思了。但法理上的矛盾却避重就轻，无论校园霸凌事件，还是王永强伤人案件，都严重缺乏具有说服力的戏剧拐点，在主旋律的框架下，正义虽迟但到，最后演讲、煽情，属于是把法与理的现实问题，高调重申，但整部电影表现出办案人员的办案决心，却暴露出办案的无能，感受很不好。,3stars
刻意制造出来的冲突，不太切合实际,3stars
为了让案情更有说服力，煞费苦心地设计了诸多前提背景、明线暗线，电影结尾依旧是老谋子最爱的慷慨陈词，只能说我已经对这类影视公式化的传统正能量免疫了，片中理想主义式的孤勇和义愤填膺也只能存在在片里。马丽雷佳音两口子的小品演出来回轱辘话也忒多，一两回好笑再来就嫌烦了。最后恭喜赵丽颖贡献了目前为止职涯演技巅峰。,3stars
"这片子也有人给低分啊，都是小孩子给的吧。
确实挺写实的，应该是最大的能接受的播放尺度了，这还是张艺谋别人的更别说了，所以说想为老百姓说句话现在是有多难！！！
也让我感觉到法律被掌握在
一群半懂不懂，似懂非懂的人，
一群故意逃避责任，当一天和尚撞一天钟的人，
一群冷眼相看，没有人味儿的人
的手里是多么的可怕！
难怪这么多的冤假错案，还都翻不了案！
没得说这次给张艺谋点个赞！
还最后一点，某某代表的发言真的是画龙点睛！这个人群还真这个揍性！应该是本色出演！",5stars
"²⁰²⁴/₂.₁₅🎬《第二十条》  
   “法律，是让坏人犯罪的成本更高，而不是让好人出手的代价更大。”",5stars
7分，把马丽尬聊的部分删一删，能节省十分钟,3stars
好几个故事围绕一个人，互相没有联系，导演水平不行，编剧水平不行，演员演技在线。,2stars
也许有人会觉得较真的人“无趣”，但这个社会是由较真的人推动的。,4stars
一星全给到演员的演技。跳楼之后的剧情崩到一个夸张。整个剧情就像雷佳音和马丽吵架一样，你和我谈程序，我跟你讲实体，你和我讲实体，我跟你论程序。还有，给被告人找个律师演员这么难吗？,1stars
话真密啊……不像电影更像是电视剧。现在老谋子的片子不说是他拍的我还真看不出来，艺术性越来越低了。,3stars
别的不说，老谋子拍赵丽颖被QJ出来之后，没有光光拍成两个人抱头痛哭，而是有妻子对丈夫无能的埋怨，真实，服气。,4stars
"法律，是让坏人犯罪的成本更高，
而不是让好人出手的代价更大！",4stars
在电影里如果郝秀萍不跳楼，案子就办不下去了。可想而知现实呢……,4stars
要做正确的事情，希望之后代价越来越小。把我看感动了好几次，看完觉得这个疯狂的世界还有希望。,5stars
聒噪固然消解了表达的力度，但明星群口相声岂不就是当下乐子人们最爱看的形式，再外加命题作文与合家欢属性，某种程度上就是当今春节档电影一个范例：悬浮的背景与口号，塞满的节目效果。,3stars
其实对这部电影是很期待的，国师➕丽颖➕大头➕大嫂，都很喜欢的演员，前期宣传看丽颖演技宣传也比较多，但是看了觉得演技宣传有点太过了,2stars
觉得最后一段演说让吕玲玲来更好点…其实是我爱看,4stars
喜剧科幻小品，适合春节档,2stars
春节档电影，自然离不了欢声笑语，哪怕是张艺谋也不例外。但更多的是泪流满面，因为影片的主题是法律，是人性，是人情。三条线索串起了“正当防卫”这一关键词，雷佳音等明星支撑起了这130分钟时长的结构，虽然票价很贵，但我觉得很值！,5stars
拍摄手法很成熟，世界一流的成熟，内核很烂，世界一流的烂。演员们演得都挺好的，虽然不是作为电影演员演得好，而是作为广告片演员演得好。角色挺立体、剧情也不错，取材接地气，氛围也挺到位，组合在一起就是最后呈现出来的喊口号和宣发广告的那一幕，这就怪不了演员了，是导演表达取向的问题，真可惜。,3stars
小品式的家庭戏是商业的抓手，也是经济适用的现实主义感营造手段，使得最后爆发出的理想主义有了真正的根基。永远不要嘲笑国师，你们吐槽的絮絮叨叨、预设立场、跳楼解局，都是人家自觉的创作选择，并且很好地达到了目的。,4stars
很久没看到全明星阵容铺满的海报了，熟人局团建既视感，张艺谋这次去繁为简，用朴素的镜头语言来突出演员和电影的生活质感，展现的话题也更贴近观众，见证了韩明一路走来的转变格外能与结尾共鸣。离场时听到张碧晨的片尾曲“这世间还有多少散落人间不安的灵魂”更觉诸如郝秀萍一家人的不易,5stars
张导鸡贼的用了很多流量演员，但掩饰不了这是一个烂片的事实。,1stars
看着评论一边倒的唱衰有点感慨，之前热血沸腾和坚若磐石上映的时候就是看了豆瓣的短评和评分，选择去看了热血沸腾，结果前半段真的是尬的扣地。后来在网上看的坚若磐石，虽然说算不上什么佳作，但整个故事性观影效果绝对要比热血沸腾好。豆瓣评分 热血沸腾6.8 坚若磐石6.1，我实在是不能苟同。大家对新人导演宽容也可以理解，但在这同时又对老导演高标准的要求就是会影响评分的客观性，误导普通观众。毕竟我只是个普通影迷不是哪个导演的粉，只想找个相对更好看的电影去看而已。,4stars
阵容太强大了，从《狂飙》到《漫长的季节》几乎全员熟人，雷佳音和马丽也很镇得住场子，无论是日常搞笑还是情绪感染力都很打动人，不错的,5stars
案情法律讨论不多全搁着俩人吵家常，还以为是电视剧.,3stars
“我们办的不是案子，是别人的人生”,5stars
虽然我觉得通篇废话，但也不妨碍我反思了一下我是否有些不近人情了。,3stars
法律与个人情感、社会与个体、权力与公平，在我看来都是无法兼容的。这样的电影居然能够上映，难道不是一种讽刺？,5stars
雷佳音和马丽吵架吵太多了，使得整部影片很割裂。还是比较喜欢真正扣住主题的“第二十条”部分 但是这部分刻画太弱了……,3stars
在2023年活跃在大小银幕的一众熟脸齐聚一堂，emo的镜头质感很好，吵架戏很有意思，很有节奏感。但是主题上略显表面，几个事件的解决都是通过台词交代，结尾索性全部用字幕打出，太草率。,3stars
科幻片啊？这是法庭还是天庭？一星给赵丽颖，雷佳音马丽的台词太尴尬太啰嗦太吵吵了太让人反感了。最让我心痛是最后“张艺谋作品”几个字浮出来，你国师是被绑架了吗拍这么个东西，你是拍《秋菊打官司》那个人吗？,2stars
现在的电影真是越做越长 可以剪掉一半 精华就那么几分钟,3stars
能拍个这个主题、在过年期间让很多的人看这样一个故事，应该还是可贵的吧。随着年纪增长，自己和身边人的亲身经历都表明这个体系的浑浊复杂，因此影片高潮男主角在激昂音乐的伴奏下慷慨陈词，我的心反倒越来越凉。懂法、有关系尚如此被动，不懂法的普通人又会遭遇什么呢？看着孩子纯真的眼神、听到他们黑白分明的尖锐问题我们会牺牲自己去追寻公平正义吗？多半不会，只会不择手段地保护我们的孩子，尽量让他们一生不用直面这些问题。,4stars
我能理解贺岁档的普法剧需要家长里短充当调和剂，以平衡严肃性与趣味性，但韩明和李茂娟这两口子实在太聒噪了，聒噪到我对影片高潮过于期待。三线叙事中，王永强主线与韩雨辰副线在马丽与陈律师约见于小饭馆时产生交汇，但陈律师的意义出人意外地仅作用于韩雨辰副线（激化矛盾致使李茂娟被拘留、韩明第二次幡然醒悟），而陈律师本应深度参与被告方辩护的王永强主线，却用吕玲玲被停职时的指点迷津和韩明在听证会上的肺腑之言，以迅雷不及掩耳之势草草圆满收场。张贵生宛若死谏的结局是韩明的第一次幡然醒悟，也是唯一令人信服的转折。我对郝秀萍那一跳十分不解，更对有最高检作为影片顾问却仿佛儿戏般的检察院办事程序等相关剧情充满疑惑。大头已经踏上中年大叔的新戏路，马丽还是满口小品台词、神神叨叨。,3stars
还不错的普法教育片 老谋子正常发挥 雷佳音和马丽的对手戏虽好笑但过于满,4stars
"国内少见的普法片，国师涉猎的又一新题材，新类型。对于法律和道德的对垒和探讨，算是国产片里的重要类型开拓和创新。所谓现实主义，就是直面我们生活中遇到的实际问题，最大限度的和平凡的你我共情
群像戏可圈可点，赵丽颖表现亮眼，演员就应该不停在戏路上突破。
情节和节奏保持了张艺谋近年来的一贯水准，值得一看。",5stars
稀碎但正能量,3stars
李茂娟主动扛水真的让我get到了一家之主的踏实，马丽真的把那种诙谐搞笑的氛围演出来了,5stars
张艺谋导演的一部惊喜之作，演员演技全员在线，赵丽颖的表演尤其出色。影片现实与喜剧元素平衡得恰到好处，尺度大胆，剧本扎实。推荐观众一看，感受其中的惊喜与深度。,5stars
演员演技 叙事手法都很好。中规中矩的国师作品。但是不喜欢马丽冲动地推到了张主任，不喜欢上访的必须死，赵丽颖必须跳楼才能获得一丝翻盘的机会。这不是司法的成功案例，这是对司法科学性和客观性的羞辱。当然，也许，本就不是什么科学和客观。中国还是得“闹”，只不过康村人在检察院门口闹，另外是在检察院内部闹，一个丢了检察院的面子，给检察院抹黑，一个给检察院留面子，而且用舆论扭转。,4stars
respect昆山龙哥,4stars
小品式的电影，故事讲得太乏力了。,3stars
怎么那么聒噪,2stars
法律，是让坏人犯罪的成本更高，而不是让好人出手的代价更大。,4stars
还可以老谋子电影质量不拉夸，演员演技到位，没想到是个喜剧啊,5stars
希望我们也都能够遇到那个拉我们一把的人,5stars
结局有点太团圆了，但传达的精神很好。,4stars
确实吵架喜剧多到有点拖沓，且吵到我把耳朵捂起来了,3stars
稍微有点吵，音乐烘得也很刻意，但几个演员的戏都很好。酒桌吵架一场的节奏和调度真绝了，赵丽颖也很棒。老谋子能不能别老拍女性受辱的戏了…从提裤子出门开始不行吗。,3stars
你们吵架比春晚小品好看多了,4stars
节奏紧凑，演员全员在线 ，拌嘴感觉都是家里日常，只不过感觉有点略多啦,5stars
郝秀萍这个维权生活之路的艰辛…才是这个片子应该引起的思考的地方 马丽赵丽颖演技都惊艳！中年女演员越看越优秀！,4stars
建议司法人员集体观看,5stars
"挺好的现实主义电影。讲了很多法律热点问题，校园霸凌，防卫过当，互殴，见义勇为！
如何在法律和正义之间寻找平衡，就看法官检查官的智慧和初心了！",4stars
主题是好的，但夫妻吵架太多镜头啦….,3stars
最后的大字总算让人看舒坦了,5stars
"年过七十迎来了老谋子的高产时间，佩服。

片子脚踩两条船，雷佳音和马丽的家庭环境话赶话的制造喜剧的氛围，剧情本身的话题又是由三个故事来一起探讨公平正义和第二十条，两条船都踩的很准很稳，但多少有点割裂，我不是药神这样二者融合的配比果然是很难再现的。

赵小刀真的演技很好啊。",4stars
希望现实如电影的结局一样 好人永远不吃亏吧,5stars
电影用一个社会横切面，很好地展示了为何我们从小就被教育要见义勇为，但在现实中却为何怕担责而止步不前。法是人制定的，不能让心存正义感的好人寒了心，这样的“说教”我很受用。,4stars
比张艺谋前几部要好，这个议题很有现实意义。不过还是可以看出来张艺谋年龄大了，多半部分都是在拍中年男人的不容易，最后在上一下价值，中规中矩。,3stars
"“法”“公平正义”真是个沉重的议题，现实中或许更复杂吧。
以前没怎么关注，能感受到赵这几年一直在突破，演技不错的",3stars
花了四十块钱看别人吵了两小时的架,2stars
张艺谋很善良，但我实在很难分清片子中让我煎熬到要昏厥的尴尬感是他为大众传播的考量还是他真的老了。,3stars
为什么感觉。。。。正义那段。。有点尬。。赵丽颖有点强行煽情的感觉。。。,3stars
科幻片 几点想说的第一女主台词好差啊 第二 zly突然要签字又突然要跳楼那段转折好生硬 第三这个qj片段真有必要拍吗？第四就是玄幻结局……我一边想说真够理想化的一边暗暗期待了下最后会不会跳根据真实事件改编 sorry没有啊,3stars
吵架部分的台词有趣但不是那么好笑，感动的地方有有点落入俗套显得刻意，两次转折包括残疾人跳楼造成康村部分村民反水和学校查出来霸凌都有点莫名其妙，导致情绪一直没推的上去。只能说还行吧。,3stars
搞了半天是个童话故事,4stars
张艺谋在卖老本了，玛丽全程斗嘴，让人很烦，儿子前途都没和丈夫斗嘴重要。王永强借明明知道还不起的高利贷，人品也有问题，如果正当防卫被滥用，以后有更多的坏人可以肆无忌惮的去犯罪了。,2stars
看到影片里遇到霸凌、遇到骚扰时都有人及时伸出援手，人人互助的友好氛围真的很戳我,5stars
太煎熬了，忍不住低分,2stars
马丽和雷佳音拌嘴的戏份太多了，尤其是和高叶误会的那一部分，太有点多余，而且能不能不要怼着女演员拍强奸的戏了，只会这么拍了吗？！电影不如的预期的那么好看,3stars
张艺谋朴素镜头美学 故事内核讲民生、立意高级、讲故事能力优秀、生活流质感、正当防卫具有社会意义、实力演员演技在线都特别好、近年现实题材喜剧标杆、雷佳音 赵丽颖 赵丽颖绝了！,5stars
"作为最高检宣传片，可以打四星，但这是院线电影。电影节奏很快，中间快速闪过的一小段对话，才是无法回答却需要答案的问题：“我妈错了吗？”“我不知道。”“那法律错了吗？”“我也不知道。”",3stars
"还不错
就是大结局那块有点太感性了，感觉略缺部分理性辩论。",4stars
如果是韩国电影，那就是9分并附上“韩国人就是敢拍”，但是是emo，那没办法了，在豆瓣不会过8。,5stars
老谋子拍了个小品,3stars
霸凌者在父亲面前有另一面看得我鸡皮疙瘩都起来了，双面性格复杂多面很有看点,5stars
个别青年演员台词表演太差让人出戏，少一点夫妻争吵画面，多一点案件处理发展的画面感觉会更有说服力和冲击力。讨厌电影最后用几张ppt把相关情况做个总结，明明是好故事，老谋子讲故事的能力果然还是不太行。,3stars
烦心，嘈杂,3stars
大过年一家人一起看的，给我哭的🥹后面半截一直在哭，看到郝秀萍被qj的时候给我恨得牙痒痒。总之挺好看的，不虚此行。,5stars
"剧情感情线真没必要，马丽吵得我头疼
。但冲这个立意和雷佳音最后的一番话，真的值得五星，法与情的衡量从不是一两句能说清，背后牵扯太多利益碰撞和对惯有思维的批判，也引发我这个短暂法学生的重新思考——我所受的法学教育，是否过于无情和刻板，法律制定的出发点究竟为何？仿佛唤回了我曾经的一腔信念和对公义的相信。如果能像韩国一样推动社会对法律裁决正义性的关注，就更好不过",5stars
不同于以往的谋子的路子，喜剧外衣包裹了平民的困苦和发人深省的思考。除了各位大咖的出色表演之外，尤其能够看出赵丽颖在演技上的进步（对比知否）。“正当防卫”选题很好，三个案件有小有大，就是真实生活的写照演绎。剧情丰富，人物立体。有些小bug可以忽略不计（比如跟老同学吃一顿饭然后张主任就撤案了）,5stars
正当防卫折射世间百态，群众情感追问法治价值，前者远胜后者。家庭琐事、人情关系、地区势力、基层运转的许多细节都展现得相当到位；全明星团建一般的阵容中大多数贡献了可圈可点的表演。视听四平八稳，剧本组织成熟，各种类型元素的结合虽很显功力但效果上仍不功不过。全片力量所在并非雷佳音一年一度的长篇演讲，而是赵丽颖的果决一跃：一个被侮辱与被损害的人，在绝望处境下爆发出惊人的智慧与胆略，（有意或无意地）以生命为筹码扭转命盘——这才是推动公平正义的真实代价。,4stars
从来如此便对么 第一个顶住压力判断正当防卫的检察官配享太庙,5stars
2024春节档最佳，有深度，关于正当防卫的正法。关于见义勇为和正当防卫正义的伸张，还是会让人感动。就是希望真正办案这样的正义感的人越来越多。,5stars
我说不行的话emo你就回家养老吧……白瞎这阵容……不过小丽竟然让我眼前一亮……,2stars
法律进步需要巨大的代价，也需要政府真心为人民考虑，放弃自己的非法利益。这个片子给人民一些希望，让人愿意相信法律，相信政府。虽然老百姓依然是权利和黑恶势力面前的弱势群体，虽然打官司依然又慢又难，好人依然不敢见义勇为，但是坏人的保护伞越来越难撑下去了，希望国家越来越好，当的起人民民主专政这个根本性质。不要忘本。不要自掘坟墓。希望毛爷爷保佑我党我国永不变质，让损害国家根本利益的人在历史长河的冲刷下无处遁形。,5stars
佩服Emo的功力，严肃议题+喜剧玩出花了；前面吵得头晕稍显突兀，后面推进串联上节奏，情绪饱满，群像优秀。感叹下大头真好用啊,5stars
简单故事复杂化，雷佳音和马丽说话太闹腾，感觉不应该是张艺谋作品，可能预期过高，赵丽颖演技好评,2stars
希望有一天电影中的happyending能变成现实，我们要冷静、平和。,5stars
四星水平，五星价值。张艺谋把主旋律和商业片结合得很优秀。在车上兄妹二人和韩明的争吵、在家里一家三口受了委屈后的争论，这两场戏非常高水准。这部电影是和爸妈过年一起看的，走出电影院的时候，他们说，“真好，感谢电影。”,5stars
有一些槽点，有一些感动，看得很沉重，这个社会还是有太多的不公平无法伸张了，结尾毕竟理想化，另外，电影里夫妻咣咣吵架的情节真的太糟心了,4stars
立意挺好的，但是中间穿插太多的小品式吵架戏份，太打乱电影节奏,3stars
整体扎实完整，人物刻板印象重，少了讽刺还是少点味道。,3stars
"逻辑崩坏
但能让人笑",2stars
赵丽颖一骑绝尘，雷佳音本来就很好,4stars
真正有意义的电影,5stars
有臭又长，很多没必要的长镜头。加上十分低级的笑点，很拖沓烂熟的立意。不敢认这是张艺谋的片子。画面也毫无美感。每个角色都让人很讨厌,2stars
【2024-2-10】一群戏骨飙戏看爽了，以为是喜剧片结果是法治片，几个事故镜头看得我心悸手抖，真的不想在大年初一看这种镜头…更不想再看强奸镜头了实在太男凝太恶心🤢几起事件多线交织巧妙连接，人物故事贴近生活百转千回，残忍的直戳软肋（哭了小半场），而真实的社会只会更麻木更残酷更黑暗…（其实大过年的我真的只是想看一部简单开心的喜剧而不是“不把人演哭的喜剧就不叫好喜剧！---杨总”）（看到蒋诗萌和宋木子很亲切，我们喜人有出息）,4stars
我觉得还是值得一看的很棒,5stars
集合了去年最优秀的一批影视剧演员，演员演技全部在线，甭管主角还是配角，对手戏都十分精彩，没有一个角色是多余的，形形色色的众生相构建出社会百态，我们要支持法律，但不能绝对信奉法律，忘记了法律是人制定的。,4stars
第一次感受到无声的表演也能震耳欲聋，聋哑母亲郝秀萍的每一次手语都重重地敲在了我心上,5stars
比起沉默的真相，这部真的看的太爽了！同样都是检察官，韩明捍卫的公义比起江洋简单多了。,5stars
八分，主旋律小品plus版，真心的好笑，如果主旋律电影都这么拍，谁还不爱看呢。emo说你可以骂我，但我要给你点第五代导演的实力瞧瞧。缺点也很明显，多件叙事最后合一还可以，只是喜剧部分和主线有点割裂了，即使是真的很好看。以及，真心讨厌qj镜头啊，emo能不能别拍了。,4stars
"B+
虽然结尾有煽情之嫌，但感觉可以提前给国产年度十佳腾一个位置了",3stars
"一切情节都在引导韩明最后在听证会上的发声 
尽管其中一些看起来不是那么自然 
甚至可以说是一种浪漫主义的童话 
男女主大段且密集的台词演员处理得非常出色 
角色形象跃然银幕之上 
配角表演的完成度也较高 
一些剪辑(不知什么原因)有一些不流畅",4stars
影片立意非常好，为正义公平发声的影视剧都很难得，就是马丽雷佳音斗那么多嘴，是为了拖时长吗？喜剧还是严肃剧整得我有点迷糊了,4stars
很深刻的题材。老谋子不乱用镜头语言（什么满江红的一镜到底 坚如磐石的灯火酒绿），好好讲故事还是拍的挺好的。,5stars
生活化表达很好，但有些对话和场景刻意了，听证会那段儿火候有点过。ps.我承认以前对赵丽颖是有点过于刻板印象了。,3stars
无趣，冗长，聒噪,2stars
立意挺好的，但我真的不想听你们一直家长里短的吵架啊啊啊,3stars
吵得脑瓜子嗡嗡的,3stars
我的春季档top1！！！,5stars
挺搞笑，两分都给笑料了。但是电影叙事一塌糊涂，况且是魔幻现实主义的宣传片…从“电影”角度来说真的是非常糟糕，对于张艺谋来说更是晚节不保,2stars
太吵了太吵了，许多戏份实在没有必要……并且电影结尾过于仓促，强行正能量,3stars
雷佳音和马丽斗起嘴来话有点密，虽然贡献了很多笑点，但是不必要的吵架看的有点累，赵姐我真的哭死，虽然法不容情，但是法律不是凌驾于人之上，主题教育深入人心；正当防卫和防卫过当不是抠字眼，公平公正才是根本,4stars
吵得脑袋疼 浪费我回笼觉/蒋明奇好厉害！,2stars
斗嘴的篇幅太长了，好像在看加长版的小品。,3stars
充满了理想化色彩和美化的意图，对于法律公正性和相关系统的剖析过于浅显，越是拍出完美圆满的结局，越会感到与绝望现实的差距。但是不管怎样，能在春节档播出这样题材的电影，已经不容易了，为这一点也得给三星。雷佳音的演技也值得赞美,3stars
立意不错，但是不真实，真实的边都没够上。,1stars
我的评价标准很简单，直击人心的便是满分。,5stars
剧情拖沓，大段的无意义对话扣大分。,3stars
一般,3stars
探讨情与法之间的关系，张艺谋还是很擅长从小人物的故事去诠释人间真情的，我觉得蛮好看的，是一部有意义的电影，家人也说不错。赵丽颖在里面真的很牛，演技真好。。。,5stars
演技比剧情好，剧情比摄影剪辑好,3stars
每当我觉得呃好尬，在上什么高度呢的时候，全靠马丽搞笑一下来拯救我的心情。,3stars
差点被几个短评骗了。挺可以的一个电影啊。马丽佳音拌嘴哈哈哈，还有各个熟悉的角色，狂飙、漫长的季节。正义永远不会缺席！,4stars
最可怕的是韩明如果不是自己遇到了律法不能平的事情，也会继续向现实低头。,5stars
"5.5/10
谈不及好看，也不至于难看。",3stars
听人吵架好累,3stars
好像在看童话故事,3stars
人间苦难多，用命换公道。,4stars
剧情紧凑！老赵戏份还可以再多点！,5stars
法律服务于人民,5stars
一颗星给题材一颗星给赵丽颖，我单方面宣布以后张导的春节档别浪费阖家团圆的时刻去看了，笑不出来憋尿还难受。,2stars
是谁打了秀萍麻麻，到底是谁！你给我站出来！我真的是看得心疼死了,4stars
花二百看人吵架吵了俩小时，66666,2stars
百分之八十五的部分都很无聊,3stars
"7/10。
从电影风格上看风格挺不张艺谋的，但换个角度看，算是在尝试新的一种风格？
但回归电影本身看，现实性有了，但又想拍喜剧，个人觉得有的片段喜剧效果上有点尬且不伦不类的，有种看春晚小品的感觉。去掉喜剧元素可能更好。
不过赵丽颖演得挺好。（7.9）",3stars
话特别密那几段我都想按电影院的暂停键了，有点吵。结尾真的多此一举啊，虽然也懂是为了一些正确，但还是，算了。,3stars
在如此多的困境中，夸大了郝秀萍的不幸主要来源于司法程序困境、来源于不懂法、执法的困难，然而关注我国某些社会现象就会轻易发现——一个女性的牺牲成为唤醒执法正义的有效疾呼显然是背离现实的、甚至可笑讽刺的,2stars
三星不能再多了。发心也许是好的，但执行得有点糟糕。不想看太多捉小三和拌嘴戏码，嗯我知道那是导演想要营造出一个人被岁月蹉跎后前后对比，夕阳少年和马屁窝囊废，但这些内容有点太多了，不知道是不是为了填充剧情的薄弱。以及.. 真的挺希望这样的电影里可以少用一点长得太美的人，因为你很难想象这样一个村妇、上访户女儿、马丽和雷佳音的儿子能长得那么好看。分分钟出戏。有时候我觉得长得过于耀眼对于演员来说也是一种束缚，如果他们没有驾驭这幅皮囊的能力的话。,3stars
一部反映社会现实的影片。正当防卫这个行为是法律和人性之间的权衡。第二十条就是刑法对于正当防卫的算诠释。通过身边三个案例及人物形象的刻画更形象展示出法不能为不法让步的红线警示。雷佳音和马丽的演技更是重量级的体现。赵丽颖的哑女形象更是一种心生怜悯的感觉。值得推荐。,5stars
"2.10 以前都说开心麻花拍小品电影，国师直接来了个电影小品。刚开始看到杨皓宇跟陈明昊那场戏还挺惊喜，跟朋友说这个狠，一个影射“寨桥村”，一个挖苦“茅台政治”，太夹带私货了！看到最后发现，误会太深了，这不还是在用jump scare恐惧跟没来由的民粹杀威。朋友们都说，国师也没办法啊，大过年的不拍成麻花小品让马丽花天喜地进监狱还能怎么办？主旋律电影不机械降神歌颂演讲还能怎么办？演员咖位所致不让雷佳音顶替高叶发声还能怎么办？……
一个拍“有办法”的电影，戏里戏外都是“没办法”，那我觉得还挺贱的。",1stars
这种电影结尾时走就四星了,4stars
8.4分（7.8分）艺谋导演请了狂飙和漫长季节剧组以及一些实力演员为我们包了这样一盘出色的饺子 有笑有泪有深度 相当优秀的作品 贺岁档标配 ,5stars
年度爆片,5stars
少的这两星是里面的几场吵嘴导致的，真的太吵了，很让人跳戏😂,3stars
看马丽跟雷大头吵了一个小时的架哈哈哈哈哈哈哈哈哈哈，这嘴碎的,5stars
“法律，是让坏人犯罪的成本更高，而不是让好人出手的代价更大。”,3stars
真的好看 全员演技派 有笑有泪 赵丽颖承包了大多数泪点 马丽笑点担当 希望现实中能有更多像韩明一样的检察官出现,5stars
看得出来emo很想实现一种商业和艺术的平衡，不过想塞的东西太多，既要又要,3stars
整部影片由三个故事线串联 剧情流畅有笑点泪点 赵丽颖饰演的手语母亲和杨皓文饰演的司机是整部影片的精髓 演技出彩 令人印象深刻,5stars
张艺谋不愧是国师，在他的镜头之下可以感受到真实细腻的情感，扣人心弦,5stars
虽然结局免不了上价值煽情，但从普法意义和现实意义上来说确实完成得不错。马丽和雷佳音演技真的精彩，说吵的，中年夫妻日常除了吵架不就是无语吗。,4stars
"本听障人士认证赵丽颖的手语动作真的很标准，有看到她对这个角色的用心，还是蛮敬佩的
",5stars
立意非常好拍的也很好 在我眼里泪点笑点都很完美的电影值得五星，前不久刚看了关于刑法讲解的书籍，也是写了正当防卫，希望有正义感和陈述社会现象的电影多多存在,5stars
前面三分之一不错 笑点确实蛮多的。后面三分之一脱离了检察官办案的实际。听证会不像听证会。王检的戏份估计剪掉了。仓促收尾。强行升华了。,3stars
大幅超出预期 好看,5stars
不大像国师手笔的国师手笔，的确有亮点，但是诙谐和严肃的协调没有做到不留痕迹，有些生硬了。但是引起的社会性话题很好，法律的确要逐步完善。,3stars
情节闭环，很燃，喜剧与现实主义的碰撞，演员的表现也很亮眼,4stars
剧情不够，吵架来凑。明明是一部现实主义题材的严肃电影，非🉐给拍成个喜剧。和《我不是药神》比差太多了，5分。,2stars
七零八落 讲法你就好好讲专业一点  一直搁这吵吵,2stars
挺好的，为大家宣扬法律知识，见义勇为，正当防卫，致人死亡 刑法第二十条。,5stars
不怎么严谨，说理比不上不完美被害人,3stars
比较困惑，剪刀当然就4厘米伤口啊……我的法律认知在被冲击……防卫过当我能想，正当防卫我真的困惑……但检察院又审过了……不过好笑部分的确还是蛮好笑的……赵丽颖演得真不错……,3stars
对白吵得我生理性不适。,1stars
适合中国宝宝体质的《辩护人》。,3stars
不知道整部影片节奏安排出了什么问题，就两个多小时看完感觉啥都没记住，是有笑点的…,2stars
正义是永远的暗恋,3stars
这出戏的艺术价值远大于司法意义，结局也过分搞笑了，两个很明显防卫过当的案子硬是弄成了正当防卫。但这不是我给他三星的最主要理由。这部电影最大的问题是为了能赶在春节档上映，把一部现实题材的片子硬是加上马丽，弄成了半喜剧。弄喜剧也不是不行，但马丽的戏份还有他的台词，整个看下来感觉是她自己编的，小品痕迹实在太重了。有超过1/3的内容是围绕在他们的家庭问题上的，校园霸凌还有和吕玲玲的初恋问题，虽然这两条线跟整个剧情有那么一点点关系，但花在上面的时间未免也太多了，能砍掉半个小时，相信这部作品会紧凑一点。雷佳音最后的这段慷慨陈词，在国产电影的话确实还可以，但放眼全亚洲也只能说还行，该表达的意思有表达出来，但是起承转合还有煽情的作用力不够明显。,3stars
刚看完，值得8分吧，雷佳音太牛了，演得太绝了,5stars
交作业老师很认可的那种作品,4stars
发挥稳定 导演也算是说出了一些话 不过艺术上的突破 算是以前的三成功力吧 但在推动某些正义的方面上 这部电影还是很有社会意义的 作为媒体人 见过的恶性事件更多 作为学艺术的 见过更绝望的艺术风格 心情复杂 但也能感觉到某种理想主义的力量仍然在努力着 ,4stars
核心立意是第二十条的公平讨论，但整部电影透露着无力感。如果规则有问题，最应该改变的规则，而不是用2小时的电影去讲三个破碎故事。情节推动不自然，三个故事为了情节都会逐个搁置。几个故事最后都是问主角一个问题，非要等到大结局来高潮解密，主角不到演讲台就没办法回复说话了。吵架频次过高导致剧情聒噪。值得肯定的是演技和视觉画面。,3stars
好搞笑啊，哈哈哈哈哈初一和家人一起来看，很不错！很精彩的三条线,5stars
全片在敏感的法律题材和合家欢的喜剧作品之间努力地寻找平衡，但充斥着对女性的刻板印象，让人不由得要发作厌蠢症，只能说演技是唯一的顶梁柱了。（谁再说这片子彩蛋是易烊千玺，我要报警抓诈骗了！）,3stars
太太太好看啦，又好笑又好哭的，节奏紧凑！绝了，好喜欢！粉颖宝真开心，她选的都是好看的！,5stars
这片的社会意义远远超过其娱乐性，好的地方说真好，差的地方也是真糊弄，尤其是收尾没做得让人信服。整体瑕不掩瑜,4stars
第二十条看得我坐立难安...剧情线一片混乱，每件事都挺急的，但导演挺不急的，还有时间加芥末面和初恋这初恋那的，拆东墙补西墙，每个小孩都有一堵南墙去撞，每条线都在不知所云道德绑架一股子大爹味儿，超过两个人坐一起就是毫无效率的推卸责任和吵架，看到一半一翻导演表哟是老谋子我还以为开心麻花呢,3stars
正义是什么？法律为谁而设？这部电影给这两个问题交了一份相当完美的答卷。喜剧是穿插在其中的一点调剂品，内核是非常严肃的对法律的探讨。可以说比我看过的所有类似日本作品都深刻而具有感染力。从中段开始就哭得不行，张艺谋对情绪的渲染还是那么技艺高超。故事里的三条线纠缠在一起，每一条都紧扣主题。雷佳音和马丽的拌嘴也很好笑……各位女演员都好美，尤其是女检察官的坚持，真的好感人。,5stars
喃人爱看🤭🤭🤭🤭,2stars
太长了台词太多了,3stars
所以到底想讲什么？整部电影给我的感觉就是乱糟糟的。。。还有，这种题材能不能别找混偶像剧的演员，真的很出戏欸😅,2stars
剧情和演员都挺好的，不知道为什么时长要这么长，删掉半个小时也不耽误剧情,3stars
老谋子又来骗钱了,2stars
有些东西要悬浮起来才好看 太写实的看了腻心 说的就是你二十条后面和前面,4stars
